,,,Spring Components,,,Dcover No Jcover fuzz,time(Seconds):,1896,Dcover Jcover-fuzz,time(Seconds):,2514,Jcover test verification on,time(Seconds):,3614
GROUP,PACKAGE,CLASS,@Service,@Controller,Info,LINE_MISSED,LINE_COVERED,Coverage,LINE_MISSED,LINE_COVERED,Coverage,LINE_MISSED,LINE_COVERED,Coverage
nacos-api 1.1.0,com.alibaba.nacos.api.naming.utils,NamingUtils,,,,3,5,0.625,3,5,0.625,3,5,0.625
nacos-api 1.1.0,com.alibaba.nacos.api.selector,NoneSelector,,,,0,3,1.0,0,3,1.0,0,3,1.0
nacos-api 1.1.0,com.alibaba.nacos.api.selector,AbstractSelector,,,,0,4,1.0,0,4,1.0,0,4,1.0
nacos-api 1.1.0,com.alibaba.nacos.api.selector,ExpressionSelector,,,,0,6,1.0,0,6,1.0,0,6,1.0
nacos-api 1.1.0,com.alibaba.nacos.api.selector,SelectorType,,,,0,4,1.0,0,4,1.0,0,4,1.0
nacos-api 1.1.0,com.alibaba.nacos.api,NacosFactory,,,,7,0,0.0,7,0,0.0,7,0,0.0
nacos-api 1.1.0,com.alibaba.nacos.api,PropertyKeyConst,,,,1,0,0.0,1,0,0.0,1,0,0.0
nacos-api 1.1.0,com.alibaba.nacos.api,PropertyKeyConst.SystemEnv,n/a,n/a,Could not find file,1,0,0.0,1,0,0.0,1,0,0.0
nacos-api 1.1.0,com.alibaba.nacos.api.config,ConfigFactory,,,,6,4,0.4,6,4,0.4,10,0,0.0
nacos-api 1.1.0,com.alibaba.nacos.api.config,ConfigType,,,,0,11,1.0,0,11,1.0,0,11,1.0
nacos-api 1.1.0,com.alibaba.nacos.api.naming.listener,NamingEvent,,,,0,22,1.0,0,22,1.0,4,18,0.8181818181818182
nacos-api 1.1.0,com.alibaba.nacos.api.naming.pojo,ServiceInfo,,,,18,66,0.7857142857142857,18,66,0.7857142857142857,84,0,0.0
nacos-api 1.1.0,com.alibaba.nacos.api.naming.pojo,AbstractHealthChecker.None,n/a,n/a,Could not find file,0,4,1.0,0,4,1.0,4,0,0.0
nacos-api 1.1.0,com.alibaba.nacos.api.naming.pojo,AbstractHealthChecker.Tcp,n/a,n/a,Could not find file,0,8,1.0,0,8,1.0,5,3,0.375
nacos-api 1.1.0,com.alibaba.nacos.api.naming.pojo,ListView,,,,0,8,1.0,2,6,0.75,1,7,0.875
nacos-api 1.1.0,com.alibaba.nacos.api.naming.pojo,Instance,,,,4,51,0.9272727272727272,4,51,0.9272727272727272,55,0,0.0
nacos-api 1.1.0,com.alibaba.nacos.api.naming.pojo,AbstractHealthChecker.Mysql,n/a,n/a,Could not find file,6,25,0.8064516129032258,6,25,0.8064516129032258,31,0,0.0
nacos-api 1.1.0,com.alibaba.nacos.api.naming.pojo,Cluster,,,,0,31,1.0,0,31,1.0,0,31,1.0
nacos-api 1.1.0,com.alibaba.nacos.api.naming.pojo,AbstractHealthChecker.Http,n/a,n/a,Could not find file,15,29,0.6590909090909091,15,29,0.6590909090909091,44,0,0.0
nacos-api 1.1.0,com.alibaba.nacos.api.naming.pojo,Service,,,,2,23,0.92,2,23,0.92,1,24,0.96
nacos-api 1.1.0,com.alibaba.nacos.api.naming.pojo,AbstractHealthChecker,,,,2,5,0.7142857142857143,2,5,0.7142857142857143,4,3,0.42857142857142855
nacos-api 1.1.0,com.alibaba.nacos.api.exception,NacosException,,,,6,25,0.8064516129032258,6,25,0.8064516129032258,2,29,0.9354838709677419
nacos-api 1.1.0,com.alibaba.nacos.api.config.listener,AbstractListener,,,,2,0,0.0,2,0,0.0,2,0,0.0
nacos-api 1.1.0,com.alibaba.nacos.api.config.listener,AbstractSharedListener,,,,7,0,0.0,7,0,0.0,7,0,0.0
nacos-api 1.1.0,com.alibaba.nacos.api.naming,CommonParams,,,,1,0,0.0,1,0,0.0,1,0,0.0
nacos-api 1.1.0,com.alibaba.nacos.api.naming,NamingFactory,,,,9,4,0.3076923076923077,9,4,0.3076923076923077,13,0,0.0
nacos-api 1.1.0,com.alibaba.nacos.api.naming,NamingMaintainFactory,,,,9,4,0.3076923076923077,9,4,0.3076923076923077,13,0,0.0
nacos-api 1.1.0,com.alibaba.nacos.api.naming,PreservedMetadataKeys,,,,1,0,0.0,1,0,0.0,1,0,0.0
nacos-api 1.1.0,com.alibaba.nacos.api.cmdb.pojo,Entity,,,,0,10,1.0,0,10,1.0,0,10,1.0
nacos-api 1.1.0,com.alibaba.nacos.api.cmdb.pojo,EntityEvent,,,,0,10,1.0,0,10,1.0,0,10,1.0
nacos-api 1.1.0,com.alibaba.nacos.api.cmdb.pojo,Label,,,,0,10,1.0,0,10,1.0,0,10,1.0
nacos-api 1.1.0,com.alibaba.nacos.api.cmdb.pojo,EntityEventType,,,,0,3,1.0,0,3,1.0,0,3,1.0
nacos-api 1.1.0,com.alibaba.nacos.api.cmdb.pojo,PreservedEntityTypes,,,,3,0,0.0,3,0,0.0,0,3,1.0
nacos-api 1.1.0,com.alibaba.nacos.api.common,Constants,,,,0,7,1.0,0,7,1.0,7,0,0.0
nacos-common 1.1.0,com.alibaba.nacos.common.util,VersionUtils,,,,7,10,0.5882352941176471,7,10,0.5882352941176471,17,0,0.0
nacos-common 1.1.0,com.alibaba.nacos.common.util,UuidUtils,,,,2,0,0.0,2,0,0.0,2,0,0.0
nacos-common 1.1.0,com.alibaba.nacos.common.util,HttpMethod,,,,1,0,0.0,1,0,0.0,1,0,0.0
nacos-common 1.1.0,com.alibaba.nacos.common.util,Md5Utils,,,,5,16,0.7619047619047619,5,16,0.7619047619047619,5,16,0.7619047619047619
nacos-common 1.1.0,com.alibaba.nacos.common.util,IoUtils,,,,23,7,0.23333333333333334,23,7,0.23333333333333334,14,16,0.5333333333333333
nacos-common 1.1.0,com.alibaba.nacos.common.util,ResourceUtils,,,,31,10,0.24390243902439024,31,10,0.24390243902439024,41,0,0.0
nacos-common 1.1.0,com.alibaba.nacos.common.util,Pair,,,,0,12,1.0,0,12,1.0,0,12,1.0
nacos-core 1.1.0,com.alibaba.nacos.core.env,NacosDefaultPropertySourceEnvironmentPostProcessor,,,,24,2,0.07692307692307693,24,2,0.07692307692307693,2,24,0.9230769230769231
nacos-core 1.1.0,com.alibaba.nacos.core.utils,WebUtils,,,,21,3,0.125,21,3,0.125,19,5,0.20833333333333334
nacos-core 1.1.0,com.alibaba.nacos.core.utils,PropertyUtil,,,,4,19,0.8260869565217391,4,19,0.8260869565217391,4,19,0.8260869565217391
nacos-core 1.1.0,com.alibaba.nacos.core.utils,SystemUtils,,,,25,17,0.40476190476190477,25,17,0.40476190476190477,17,25,0.5952380952380952
nacos-core 1.1.0,com.alibaba.nacos.core.utils,InetUtils,,,,36,57,0.6129032258064516,36,57,0.6129032258064516,36,57,0.6129032258064516
nacos-core 1.1.0,com.alibaba.nacos.core.listener,StartingSpringApplicationRunListener.new ThreadFactory() {...},n/a,n/a,Could not find file,4,0,0.0,4,0,0.0,0,4,1.0
nacos-core 1.1.0,com.alibaba.nacos.core.listener,StartingSpringApplicationRunListener.new Runnable() {...},n/a,n/a,Could not find file,4,0,0.0,4,0,0.0,3,1,0.25
nacos-core 1.1.0,com.alibaba.nacos.core.listener,StartingSpringApplicationRunListener,,,,47,0,0.0,47,0,0.0,8,39,0.8297872340425532
nacos-core 1.1.0,com.alibaba.nacos.core.listener,StandaloneProfileApplicationListener,,,,8,3,0.2727272727272727,8,3,0.2727272727272727,8,3,0.2727272727272727
nacos-core 1.1.0,com.alibaba.nacos.core.listener,LoggingSpringApplicationRunListener,,,,17,0,0.0,17,0,0.0,0,17,1.0
nacos-config 1.1.0,com.alibaba.nacos.config.server.enums,FileTypeEnum,,,,0,14,1.0,0,14,1.0,0,14,1.0
nacos-config 1.1.0,com.alibaba.nacos.config.server.aspect,RequestLogAspect,,,,16,0,0.0,16,0,0.0,16,0,0.0
nacos-config 1.1.0,com.alibaba.nacos.config.server.aspect,CapacityManagementAspect,,,,168,0,0.0,168,0,0.0,160,8,0.047619047619047616
nacos-config 1.1.0,com.alibaba.nacos.config.server.aspect,CapacityManagementAspect.LimitType,n/a,n/a,Could not find file,9,0,0.0,9,0,0.0,9,0,0.0
nacos-config 1.1.0,com.alibaba.nacos.config.server.service.capacity,GroupCapacityPersistService,true,,,103,0,0.0,103,0,0.0,103,0,0.0
nacos-config 1.1.0,com.alibaba.nacos.config.server.service.capacity,TenantCapacityPersistService.TenantCapacityRowMapper,n/a,n/a,Could not find file,9,0,0.0,9,0,0.0,9,0,0.0
nacos-config 1.1.0,com.alibaba.nacos.config.server.service.capacity,TenantCapacityPersistService,true,,,84,0,0.0,84,0,0.0,84,0,0.0
nacos-config 1.1.0,com.alibaba.nacos.config.server.service.capacity,CapacityService,true,,,210,0,0.0,210,0,0.0,210,0,0.0
nacos-config 1.1.0,com.alibaba.nacos.config.server.service.capacity,GroupCapacityPersistService.new PreparedStatementCreator() {...},n/a,n/a,Could not find file,4,0,0.0,4,0,0.0,4,0,0.0
nacos-config 1.1.0,com.alibaba.nacos.config.server.service.capacity,GroupCapacityPersistService.new RowMapper() {...},n/a,n/a,Could not find file,5,0,0.0,5,0,0.0,5,0,0.0
nacos-config 1.1.0,com.alibaba.nacos.config.server.service.capacity,GroupCapacityPersistService.new PreparedStatementCreator() {...},n/a,n/a,Could not find file,13,0,0.0,13,0,0.0,13,0,0.0
nacos-config 1.1.0,com.alibaba.nacos.config.server.service.capacity,GroupCapacityPersistService.GroupCapacityRowMapper,n/a,n/a,Could not find file,9,0,0.0,9,0,0.0,9,0,0.0
nacos-config 1.1.0,com.alibaba.nacos.config.server.service.capacity,TenantCapacityPersistService.new RowMapper() {...},n/a,n/a,Could not find file,5,0,0.0,5,0,0.0,5,0,0.0
nacos-config 1.1.0,com.alibaba.nacos.config.server.service.capacity,TenantCapacityPersistService.new PreparedStatementCreator() {...},n/a,n/a,Could not find file,12,0,0.0,12,0,0.0,12,0,0.0
nacos-config 1.1.0,com.alibaba.nacos.config.server.service.capacity,TenantCapacityPersistService.new PreparedStatementCreator() {...},n/a,n/a,Could not find file,4,0,0.0,4,0,0.0,4,0,0.0
nacos-config 1.1.0,com.alibaba.nacos.config.server.service.capacity,CapacityService.new Runnable() {...},n/a,n/a,Could not find file,6,0,0.0,6,0,0.0,6,0,0.0
nacos-config 1.1.0,com.alibaba.nacos.config.server.model,ConfigInfoBaseEx,,,,0,19,1.0,0,19,1.0,4,15,0.7894736842105263
nacos-config 1.1.0,com.alibaba.nacos.config.server.model,User,,,,0,7,1.0,0,7,1.0,0,7,1.0
nacos-config 1.1.0,com.alibaba.nacos.config.server.model,ConfigKey,,,,0,16,1.0,0,16,1.0,5,11,0.6875
nacos-config 1.1.0,com.alibaba.nacos.config.server.model,ConfigInfoEx,,,,0,19,1.0,0,19,1.0,4,15,0.7894736842105263
nacos-config 1.1.0,com.alibaba.nacos.config.server.model,SubInfo,,,,3,13,0.8125,3,13,0.8125,0,16,1.0
nacos-config 1.1.0,com.alibaba.nacos.config.server.model,ConfigInfoAggr,,,,24,48,0.6666666666666666,24,48,0.6666666666666666,31,41,0.5694444444444444
nacos-config 1.1.0,com.alibaba.nacos.config.server.model,AuthType,,,,5,0,0.0,5,0,0.0,0,5,1.0
nacos-config 1.1.0,com.alibaba.nacos.config.server.model,SampleResult,,,,0,4,1.0,0,4,1.0,0,4,1.0
nacos-config 1.1.0,com.alibaba.nacos.config.server.model,ConfigInfo,,,,0,22,1.0,0,22,1.0,4,18,0.8181818181818182
nacos-config 1.1.0,com.alibaba.nacos.config.server.model,ConfigAllInfo,,,,0,34,1.0,0,34,1.0,1,33,0.9705882352941176
nacos-config 1.1.0,com.alibaba.nacos.config.server.model,Page,,,,0,14,1.0,0,14,1.0,0,14,1.0
nacos-config 1.1.0,com.alibaba.nacos.config.server.model,ConfigHistoryInfo,,,,6,35,0.8536585365853658,6,35,0.8536585365853658,0,41,1.0
nacos-config 1.1.0,com.alibaba.nacos.config.server.model,GroupkeyListenserStatus,,,,0,7,1.0,0,7,1.0,0,7,1.0
nacos-config 1.1.0,com.alibaba.nacos.config.server.model,ConfigInfo4Beta,,,,0,10,1.0,0,10,1.0,1,9,0.9
nacos-config 1.1.0,com.alibaba.nacos.config.server.model,HistoryContext,,,,0,38,1.0,0,38,1.0,0,38,1.0
nacos-config 1.1.0,com.alibaba.nacos.config.server.model,ConfigInfoWrapper,,,,0,7,1.0,0,7,1.0,1,6,0.8571428571428571
nacos-config 1.1.0,com.alibaba.nacos.config.server.model,RestPageResult,,,,0,20,1.0,0,20,1.0,0,20,1.0
nacos-config 1.1.0,com.alibaba.nacos.config.server.model,SubscriberStatus,,,,0,22,1.0,0,22,1.0,6,16,0.7272727272727273
nacos-config 1.1.0,com.alibaba.nacos.config.server.model,CacheItem,,,,0,35,1.0,0,35,1.0,0,35,1.0
nacos-config 1.1.0,com.alibaba.nacos.config.server.model,ConfigInfo4Tag,,,,0,10,1.0,0,10,1.0,1,9,0.9
nacos-config 1.1.0,com.alibaba.nacos.config.server.model,ConfigInfoChanged,,,,14,26,0.65,14,26,0.65,19,21,0.525
nacos-config 1.1.0,com.alibaba.nacos.config.server.model,RestResult,,,,0,24,1.0,0,24,1.0,0,24,1.0
nacos-config 1.1.0,com.alibaba.nacos.config.server.model,GroupInfo,,,,19,29,0.6041666666666666,19,29,0.6041666666666666,24,24,0.5
nacos-config 1.1.0,com.alibaba.nacos.config.server.model,TenantInfo,,,,0,10,1.0,0,10,1.0,0,10,1.0
nacos-config 1.1.0,com.alibaba.nacos.config.server.model,ACLInfo,,,,0,7,1.0,0,7,1.0,0,7,1.0
nacos-config 1.1.0,com.alibaba.nacos.config.server.model,SameConfigPolicy,,,,4,0,0.0,4,0,0.0,0,4,1.0
nacos-config 1.1.0,com.alibaba.nacos.config.server.model,ConfigInfoBase,,,,52,40,0.43478260869565216,52,40,0.43478260869565216,33,59,0.6413043478260869
nacos-config 1.1.0,com.alibaba.nacos.config.server.model,ConfigAdvanceInfo,,,,0,31,1.0,0,31,1.0,0,31,1.0
nacos-config 1.1.0,com.alibaba.nacos.config.server.service.dump,DumpProcessor,n/a,n/a,Could not find file,59,3,0.04838709677419355,59,3,0.04838709677419355,62,0,0.0
nacos-config 1.1.0,com.alibaba.nacos.config.server.service.dump,DumpChangeTask,n/a,n/a,Could not find file,1,1,0.5,1,1,0.5,0,2,1.0
nacos-config 1.1.0,com.alibaba.nacos.config.server.service.dump,DumpService.MergeAllDataWorker,n/a,n/a,Could not find file,40,0,0.0,40,0,0.0,40,0,0.0
nacos-config 1.1.0,com.alibaba.nacos.config.server.service.dump,DumpChangeProcessor,n/a,n/a,Could not find file,45,6,0.11764705882352941,45,6,0.11764705882352941,51,0,0.0
nacos-config 1.1.0,com.alibaba.nacos.config.server.service.dump,DumpService,true,,,91,37,0.2890625,91,37,0.2890625,128,0,0.0
nacos-config 1.1.0,com.alibaba.nacos.config.server.service.dump,DumpAllBetaProcessor,n/a,n/a,Could not find file,16,4,0.2,16,4,0.2,20,0,0.0
nacos-config 1.1.0,com.alibaba.nacos.config.server.service.dump,DumpTask,,,,1,24,0.96,1,24,0.96,16,9,0.36
nacos-config 1.1.0,com.alibaba.nacos.config.server.service.dump,DumpAllProcessor,n/a,n/a,Could not find file,25,4,0.13793103448275862,25,4,0.13793103448275862,29,0,0.0
nacos-config 1.1.0,com.alibaba.nacos.config.server.service.dump,DumpAllTagProcessor,n/a,n/a,Could not find file,16,4,0.2,16,4,0.2,20,0,0.0
nacos-config 1.1.0,com.alibaba.nacos.config.server.service.dump,DumpAllTagTask,n/a,n/a,Could not find file,1,1,0.5,1,1,0.5,0,2,1.0
nacos-config 1.1.0,com.alibaba.nacos.config.server.service.dump,DumpAllBetaTask,n/a,n/a,Could not find file,1,1,0.5,1,1,0.5,0,2,1.0
nacos-config 1.1.0,com.alibaba.nacos.config.server.service.dump,DumpAllTask,n/a,n/a,Could not find file,1,1,0.5,1,1,0.5,0,2,1.0
nacos-config 1.1.0,com.alibaba.nacos.config.server.service.dump,DumpService.new Runnable() {...},n/a,n/a,Could not find file,7,0,0.0,7,0,0.0,7,0,0.0
nacos-config 1.1.0,com.alibaba.nacos.config.server.service.dump,DumpService.new Runnable() {...},n/a,n/a,Could not find file,16,1,0.058823529411764705,16,1,0.058823529411764705,17,0,0.0
nacos-config 1.1.0,com.alibaba.nacos.config.server.service.dump,DumpService.new Runnable() {...},n/a,n/a,Could not find file,2,1,0.3333333333333333,2,1,0.3333333333333333,3,0,0.0
nacos-config 1.1.0,com.alibaba.nacos.config.server.service.dump,DumpService.new Runnable() {...},n/a,n/a,Could not find file,2,1,0.3333333333333333,2,1,0.3333333333333333,3,0,0.0
nacos-config 1.1.0,com.alibaba.nacos.config.server.service.dump,DumpService.new Runnable() {...},n/a,n/a,Could not find file,14,0,0.0,14,0,0.0,14,0,0.0
nacos-config 1.1.0,com.alibaba.nacos.config.server.utils.event,EventDispatcher.AbstractEventListener,n/a,n/a,Could not find file,0,3,1.0,0,3,1.0,0,3,1.0
nacos-config 1.1.0,com.alibaba.nacos.config.server.utils.event,EventDispatcher,,,,11,15,0.5769230769230769,11,15,0.5769230769230769,9,17,0.6538461538461539
nacos-config 1.1.0,com.alibaba.nacos.config.server.utils.event,EventDispatcher.Entry,n/a,n/a,Could not find file,6,4,0.4,6,4,0.4,6,4,0.4
nacos-config 1.1.0,com.alibaba.nacos.config.server.service.notify,AsyncNotifyService.AsyncNotifyCallBack,n/a,n/a,Could not find file,38,0,0.0,38,0,0.0,38,0,0.0
nacos-config 1.1.0,com.alibaba.nacos.config.server.service.notify,AsyncNotifyService,true,,,24,18,0.42857142857142855,24,18,0.42857142857142855,24,18,0.42857142857142855
nacos-config 1.1.0,com.alibaba.nacos.config.server.service.notify,NotifySingleService.NotifySingleTask,n/a,n/a,Could not find file,22,0,0.0,22,0,0.0,22,0,0.0
nacos-config 1.1.0,com.alibaba.nacos.config.server.service.notify,NotifyTask,,,,1,22,0.9565217391304348,5,18,0.782608695652174,0,23,1.0
nacos-config 1.1.0,com.alibaba.nacos.config.server.service.notify,AsyncNotifyService.AsyncTask,n/a,n/a,Could not find file,25,0,0.0,25,0,0.0,25,0,0.0
nacos-config 1.1.0,com.alibaba.nacos.config.server.service.notify,NotifyTaskProcessor,,,,20,15,0.42857142857142855,20,15,0.42857142857142855,20,15,0.42857142857142855
nacos-config 1.1.0,com.alibaba.nacos.config.server.service.notify,NotifyService,,,,13,11,0.4583333333333333,13,11,0.4583333333333333,13,11,0.4583333333333333
nacos-config 1.1.0,com.alibaba.nacos.config.server.service.notify,NotifySingleService.NotifyThreadFactory,n/a,n/a,Could not find file,6,0,0.0,6,0,0.0,6,0,0.0
nacos-config 1.1.0,com.alibaba.nacos.config.server.service.notify,AsyncNotifyService.NotifySingleTask,n/a,n/a,Could not find file,5,18,0.782608695652174,4,19,0.8260869565217391,23,0,0.0
nacos-config 1.1.0,com.alibaba.nacos.config.server.service.notify,NotifySingleService,,,,11,11,0.5,11,11,0.5,11,11,0.5
nacos-config 1.1.0,com.alibaba.nacos.config.server.service.notify,AsyncNotifyService.NotifyThreadFactory,n/a,n/a,Could not find file,3,1,0.25,3,1,0.25,3,1,0.25
nacos-config 1.1.0,com.alibaba.nacos.config.server.service.notify,NotifyService.HttpResult,n/a,n/a,Could not find file,0,4,1.0,0,4,1.0,4,0,0.0
nacos-config 1.1.0,com.alibaba.nacos.config.server.service.notify,NotifySingleService.NotifyTaskProcessorWrapper,n/a,n/a,Could not find file,3,2,0.4,3,2,0.4,5,0,0.0
nacos-config 1.1.0,com.alibaba.nacos.config.server.service.trace,ConfigTraceService,true,,,32,6,0.15789473684210525,32,6,0.15789473684210525,32,6,0.15789473684210525
nacos-config 1.1.0,com.alibaba.nacos.config.server.utils,RegexParser,,,,16,10,0.38461538461538464,13,13,0.5,12,14,0.5384615384615384
nacos-config 1.1.0,com.alibaba.nacos.config.server.utils,GroupKey2,,,,21,33,0.6111111111111112,21,33,0.6111111111111112,21,33,0.6111111111111112
nacos-config 1.1.0,com.alibaba.nacos.config.server.utils,TraceLogUtil,,,,0,3,1.0,0,3,1.0,3,0,0.0
nacos-config 1.1.0,com.alibaba.nacos.config.server.utils,SimpleReadWriteLock,,,,4,12,0.75,4,12,0.75,2,14,0.875
nacos-config 1.1.0,com.alibaba.nacos.config.server.utils,SimpleCache.CacheEntry,n/a,n/a,Could not find file,4,0,0.0,4,0,0.0,0,4,1.0
nacos-config 1.1.0,com.alibaba.nacos.config.server.utils,SingletonRepository,,,,0,8,1.0,0,8,1.0,0,8,1.0
nacos-config 1.1.0,com.alibaba.nacos.config.server.utils,Protocol,,,,4,6,0.6,4,6,0.6,3,7,0.7
nacos-config 1.1.0,com.alibaba.nacos.config.server.utils,JSONUtils,,,,3,5,0.625,3,5,0.625,8,0,0.0
nacos-config 1.1.0,com.alibaba.nacos.config.server.utils,SimpleIPFlowData,,,,3,27,0.9,2,28,0.9333333333333333,30,0,0.0
nacos-config 1.1.0,com.alibaba.nacos.config.server.utils,SimpleCache,,,,6,5,0.45454545454545453,6,5,0.45454545454545453,1,10,0.9090909090909091
nacos-config 1.1.0,com.alibaba.nacos.config.server.utils,TimeoutUtils,,,,6,14,0.7,6,14,0.7,1,19,0.95
nacos-config 1.1.0,com.alibaba.nacos.config.server.utils,RequestUtil,,,,7,0,0.0,7,0,0.0,2,5,0.7142857142857143
nacos-config 1.1.0,com.alibaba.nacos.config.server.utils,RunningConfigUtils,,,,8,4,0.3333333333333333,8,4,0.3333333333333333,5,7,0.5833333333333334
nacos-config 1.1.0,com.alibaba.nacos.config.server.utils,MD5,,,,24,23,0.48936170212765956,24,23,0.48936170212765956,17,30,0.6382978723404256
nacos-config 1.1.0,com.alibaba.nacos.config.server.utils,SystemConfig,,,,22,0,0.0,22,0,0.0,22,0,0.0
nacos-config 1.1.0,com.alibaba.nacos.config.server.utils,SimpleFlowData.new Runnable() {...},n/a,n/a,Could not find file,2,1,0.3333333333333333,0,3,1.0,3,0,0.0
nacos-config 1.1.0,com.alibaba.nacos.config.server.utils,SimpleFlowData.new ThreadFactory() {...},n/a,n/a,Could not find file,0,5,1.0,0,5,1.0,5,0,0.0
nacos-config 1.1.0,com.alibaba.nacos.config.server.utils,ResponseUtil,,,,7,0,0.0,7,0,0.0,3,4,0.5714285714285714
nacos-config 1.1.0,com.alibaba.nacos.config.server.utils,IPUtil,,,,3,12,0.8,3,12,0.8,3,12,0.8
nacos-config 1.1.0,com.alibaba.nacos.config.server.utils,TimeUtils,,,,7,0,0.0,7,0,0.0,7,0,0.0
nacos-config 1.1.0,com.alibaba.nacos.config.server.utils,SingletonRepository.DataIdGroupIdCache,n/a,n/a,Could not find file,0,3,1.0,0,3,1.0,1,2,0.6666666666666666
nacos-config 1.1.0,com.alibaba.nacos.config.server.utils,ZipUtils.UnZipResult,n/a,n/a,Could not find file,0,10,1.0,0,10,1.0,4,6,0.6
nacos-config 1.1.0,com.alibaba.nacos.config.server.utils,PropertyUtil,,,,67,34,0.33663366336633666,67,34,0.33663366336633666,36,65,0.6435643564356436
nacos-config 1.1.0,com.alibaba.nacos.config.server.utils,GroupKey,,,,22,39,0.639344262295082,21,40,0.6557377049180327,22,39,0.639344262295082
nacos-config 1.1.0,com.alibaba.nacos.config.server.utils,AccumulateStatCount,,,,0,7,1.0,0,7,1.0,0,7,1.0
nacos-config 1.1.0,com.alibaba.nacos.config.server.utils,ContentUtils,,,,14,9,0.391304347826087,14,9,0.391304347826087,13,10,0.43478260869565216
nacos-config 1.1.0,com.alibaba.nacos.config.server.utils,ZipUtils,,,,28,7,0.2,35,0,0.0,17,18,0.5142857142857142
nacos-config 1.1.0,com.alibaba.nacos.config.server.utils,LogUtil,,,,1,23,0.9583333333333334,1,23,0.9583333333333334,1,23,0.9583333333333334
nacos-config 1.1.0,com.alibaba.nacos.config.server.utils,ZipUtils.ZipItem,n/a,n/a,Could not find file,0,10,1.0,0,10,1.0,4,6,0.6
nacos-config 1.1.0,com.alibaba.nacos.config.server.utils,UrlAnalysisUtils,,,,13,12,0.48,11,14,0.56,4,21,0.84
nacos-config 1.1.0,com.alibaba.nacos.config.server.utils,StringUtils,,,,4,15,0.7894736842105263,3,16,0.8421052631578947,2,17,0.8947368421052632
nacos-config 1.1.0,com.alibaba.nacos.config.server.utils,MD5Util,,,,54,22,0.2894736842105263,54,22,0.2894736842105263,25,51,0.6710526315789473
nacos-config 1.1.0,com.alibaba.nacos.config.server.utils,PaginationHelper,,,,88,3,0.03296703296703297,88,3,0.03296703296703297,91,0,0.0
nacos-config 1.1.0,com.alibaba.nacos.config.server.utils,SimpleIPFlowData.DefaultIPFlowDataManagerTask,n/a,n/a,Could not find file,2,1,0.3333333333333333,0,3,1.0,3,0,0.0
nacos-config 1.1.0,com.alibaba.nacos.config.server.utils,AppNameUtils,,,,10,19,0.6551724137931034,10,19,0.6551724137931034,10,19,0.6551724137931034
nacos-config 1.1.0,com.alibaba.nacos.config.server.utils,ThreadUtil,,,,1,5,0.8333333333333334,1,5,0.8333333333333334,1,5,0.8333333333333334
nacos-config 1.1.0,com.alibaba.nacos.config.server.utils,SimpleIPFlowData.new ThreadFactory() {...},n/a,n/a,Could not find file,0,5,1.0,0,5,1.0,5,0,0.0
nacos-config 1.1.0,com.alibaba.nacos.config.server.utils,SimpleFlowData,,,,0,32,1.0,0,32,1.0,32,0,0.0
nacos-config 1.1.0,com.alibaba.nacos.config.server.utils,ParamUtils,,,,64,7,0.09859154929577464,52,19,0.2676056338028169,24,47,0.6619718309859155
nacos-config 1.1.0,com.alibaba.nacos.config.server.model.app,ApplicationInfo,,,,4,29,0.8787878787878788,4,29,0.8787878787878788,4,29,0.8787878787878788
nacos-config 1.1.0,com.alibaba.nacos.config.server.model.app,GroupKey,,,,1,16,0.9411764705882353,1,16,0.9411764705882353,1,16,0.9411764705882353
nacos-config 1.1.0,com.alibaba.nacos.config.server.model.app,MonitorInfo,,,,0,32,1.0,0,32,1.0,1,31,0.96875
nacos-config 1.1.0,com.alibaba.nacos.config.server.model.app,ApplicationPublishRecord,,,,0,10,1.0,0,10,1.0,0,10,1.0
nacos-config 1.1.0,com.alibaba.nacos.config.server.monitor,MemoryMonitor,true,,,8,0,0.0,8,0,0.0,8,0,0.0
nacos-config 1.1.0,com.alibaba.nacos.config.server.monitor,PrintGetConfigResponeTask,n/a,n/a,Could not find file,3,0,0.0,3,0,0.0,3,0,0.0
nacos-config 1.1.0,com.alibaba.nacos.config.server.monitor,ResponseMonitor,,,,27,9,0.25,27,9,0.25,12,24,0.6666666666666666
nacos-config 1.1.0,com.alibaba.nacos.config.server.monitor,MetricsMonitor,,,,9,35,0.7954545454545454,9,35,0.7954545454545454,1,43,0.9772727272727273
nacos-config 1.1.0,com.alibaba.nacos.config.server.monitor,NotifyTaskQueueMonitorTask,n/a,n/a,Could not find file,9,0,0.0,9,0,0.0,0,9,1.0
nacos-config 1.1.0,com.alibaba.nacos.config.server.monitor,PrintMemoryTask,n/a,n/a,Could not find file,8,0,0.0,8,0,0.0,0,8,1.0
nacos-config 1.1.0,com.alibaba.nacos.config.server.service.merge,MergeDataTask,,,,1,14,0.9333333333333333,1,14,0.9333333333333333,0,15,1.0
nacos-config 1.1.0,com.alibaba.nacos.config.server.service.merge,MergeDatumService.MergeAllDataWorker,n/a,n/a,Could not find file,36,0,0.0,36,0,0.0,36,0,0.0
nacos-config 1.1.0,com.alibaba.nacos.config.server.service.merge,MergeTaskProcessor,,,,44,6,0.12,44,6,0.12,39,11,0.22
nacos-config 1.1.0,com.alibaba.nacos.config.server.service.merge,MergeDatumService,true,,,11,14,0.56,11,14,0.56,25,0,0.0
nacos-config 1.1.0,com.alibaba.nacos.config.server.exception,NacosException,,,,0,13,1.0,0,13,1.0,1,12,0.9230769230769231
nacos-config 1.1.0,com.alibaba.nacos.config.server.exception,GlobalExceptionHandler,,true,,15,0,0.0,15,0,0.0,3,12,0.8
nacos-config 1.1.0,com.alibaba.nacos.config.server.constant,Constants,,,,0,5,1.0,0,5,1.0,1,4,0.8
nacos-config 1.1.0,com.alibaba.nacos.config.server.constant,CounterMode,,,,1,5,0.8333333333333334,1,5,0.8333333333333334,0,6,1.0
nacos-config 1.1.0,com.alibaba.nacos.config.server,Config,,,,3,0,0.0,3,0,0.0,3,0,0.0
nacos-config 1.1.0,com.alibaba.nacos.config.server.result.code,ResultCodeEnum,,,,0,14,1.0,0,14,1.0,0,14,1.0
nacos-config 1.1.0,com.alibaba.nacos.config.server.result,ResultBuilder,,,,1,11,0.9166666666666666,1,11,0.9166666666666666,1,11,0.9166666666666666
nacos-config 1.1.0,com.alibaba.nacos.config.server.service,PersistService.ConfigInfoRowMapper,n/a,n/a,Could not find file,15,1,0.0625,15,1,0.0625,16,0,0.0
nacos-config 1.1.0,com.alibaba.nacos.config.server.service,ServerListService.ServerlistChangeEvent,n/a,n/a,Could not find file,1,0,0.0,1,0,0.0,1,0,0.0
nacos-config 1.1.0,com.alibaba.nacos.config.server.service,LongPollingService.ClientLongPolling,n/a,n/a,Could not find file,33,0,0.0,33,0,0.0,33,0,0.0
nacos-config 1.1.0,com.alibaba.nacos.config.server.service,PersistService.ConfigInfoChangedRowMapper,n/a,n/a,Could not find file,5,1,0.16666666666666666,5,1,0.16666666666666666,6,0,0.0
nacos-config 1.1.0,com.alibaba.nacos.config.server.service,DiskUtil,,,,47,44,0.4835164835164835,44,47,0.5164835164835165,9,82,0.9010989010989011
nacos-config 1.1.0,com.alibaba.nacos.config.server.service,LongPollingService.ClientLongPolling.new Runnable() {...},n/a,n/a,Could not find file,24,0,0.0,24,0,0.0,24,0,0.0
nacos-config 1.1.0,com.alibaba.nacos.config.server.service,ClientRecord,n/a,n/a,Could not find file,0,5,1.0,0,5,1.0,0,5,1.0
nacos-config 1.1.0,com.alibaba.nacos.config.server.service,PersistService.ConfigInfo4BetaRowMapper,n/a,n/a,Could not find file,16,1,0.058823529411764705,16,1,0.058823529411764705,17,0,0.0
nacos-config 1.1.0,com.alibaba.nacos.config.server.service,PersistService.ConfigInfoTagWrapperRowMapper,n/a,n/a,Could not find file,19,1,0.05,19,1,0.05,20,0,0.0
nacos-config 1.1.0,com.alibaba.nacos.config.server.service,BasicDataSourceServiceImpl.SelectMasterTask,n/a,n/a,Could not find file,24,0,0.0,24,0,0.0,24,0,0.0
nacos-config 1.1.0,com.alibaba.nacos.config.server.service,PersistService.ConfigInfoBaseRowMapper,n/a,n/a,Could not find file,10,1,0.09090909090909091,10,1,0.09090909090909091,11,0,0.0
nacos-config 1.1.0,com.alibaba.nacos.config.server.service,ServerListService.CheckServerHealthTask,n/a,n/a,Could not find file,3,0,0.0,3,0,0.0,3,0,0.0
nacos-config 1.1.0,com.alibaba.nacos.config.server.service,PersistService.ConfigKeyRowMapper,n/a,n/a,Could not find file,5,1,0.16666666666666666,5,1,0.16666666666666666,6,0,0.0
nacos-config 1.1.0,com.alibaba.nacos.config.server.service,PersistService.ConfigAdvanceInfoRowMapper,n/a,n/a,Could not find file,11,1,0.08333333333333333,11,1,0.08333333333333333,12,0,0.0
nacos-config 1.1.0,com.alibaba.nacos.config.server.service,PersistService.ConfigInfoWrapper,n/a,n/a,Could not find file,0,7,1.0,0,7,1.0,7,0,0.0
nacos-config 1.1.0,com.alibaba.nacos.config.server.service,PersistService.ConfigHistoryRowMapper,n/a,n/a,Could not find file,11,1,0.08333333333333333,11,1,0.08333333333333333,12,0,0.0
nacos-config 1.1.0,com.alibaba.nacos.config.server.service,ServerListService.AyscCheckServerHealthCallBack,n/a,n/a,Could not find file,29,0,0.0,29,0,0.0,29,0,0.0
nacos-config 1.1.0,com.alibaba.nacos.config.server.service,LocalDataSourceServiceImpl,true,,,71,8,0.10126582278481013,71,8,0.10126582278481013,50,29,0.3670886075949367
nacos-config 1.1.0,com.alibaba.nacos.config.server.service,TimerTaskService.new ThreadFactory() {...},n/a,n/a,Could not find file,6,0,0.0,6,0,0.0,0,6,1.0
nacos-config 1.1.0,com.alibaba.nacos.config.server.service,PersistService.ConfigInfoAggrRowMapper,n/a,n/a,Could not find file,8,1,0.1111111111111111,8,1,0.1111111111111111,9,0,0.0
nacos-config 1.1.0,com.alibaba.nacos.config.server.service,ServerListService,true,,,148,33,0.18232044198895028,148,33,0.18232044198895028,165,16,0.08839779005524862
nacos-config 1.1.0,com.alibaba.nacos.config.server.service,ConfigSubService.Job,n/a,n/a,Could not find file,24,0,0.0,24,0,0.0,24,0,0.0
nacos-config 1.1.0,com.alibaba.nacos.config.server.service,ClientTrackService,,,,33,33,0.5,33,33,0.5,17,49,0.7424242424242424
nacos-config 1.1.0,com.alibaba.nacos.config.server.service,PersistService.ConfigHistoryDetailRowMapper,n/a,n/a,Could not find file,14,1,0.06666666666666667,14,1,0.06666666666666667,15,0,0.0
nacos-config 1.1.0,com.alibaba.nacos.config.server.service,PersistService.ConfigInfoWrapperRowMapper,n/a,n/a,Could not find file,18,1,0.05263157894736842,18,1,0.05263157894736842,19,0,0.0
nacos-config 1.1.0,com.alibaba.nacos.config.server.service,ConfigSubService,true,,,86,0,0.0,86,0,0.0,86,0,0.0
nacos-config 1.1.0,com.alibaba.nacos.config.server.service,LongPollingService,true,,,118,21,0.1510791366906475,118,21,0.1510791366906475,139,0,0.0
nacos-config 1.1.0,com.alibaba.nacos.config.server.service,ServerListService.CheckServerThreadFactory,n/a,n/a,Could not find file,4,0,0.0,4,0,0.0,4,0,0.0
nacos-config 1.1.0,com.alibaba.nacos.config.server.service,PersistService.ConfigInfoBetaWrapper,n/a,n/a,Could not find file,0,7,1.0,0,7,1.0,7,0,0.0
nacos-config 1.1.0,com.alibaba.nacos.config.server.service,LongPollingService.StatTask,n/a,n/a,Could not find file,0,4,1.0,0,4,1.0,4,0,0.0
nacos-config 1.1.0,com.alibaba.nacos.config.server.service,LongPollingService.DataChangeTask,n/a,n/a,Could not find file,20,11,0.3548387096774194,20,11,0.3548387096774194,31,0,0.0
nacos-config 1.1.0,com.alibaba.nacos.config.server.service,TimerTaskService,,,,5,0,0.0,5,0,0.0,1,4,0.8
nacos-config 1.1.0,com.alibaba.nacos.config.server.service,ConfigSubService.Job.new TypeReference() {...},n/a,n/a,Could not find file,1,0,0.0,1,0,0.0,1,0,0.0
nacos-config 1.1.0,com.alibaba.nacos.config.server.service,BasicDataSourceServiceImpl.CheckDBHealthTask,n/a,n/a,Could not find file,17,0,0.0,17,0,0.0,17,0,0.0
nacos-config 1.1.0,com.alibaba.nacos.config.server.service,ServerListService.GetServerListTask,n/a,n/a,Could not find file,6,0,0.0,6,0,0.0,6,0,0.0
nacos-config 1.1.0,com.alibaba.nacos.config.server.service,PersistService.ConfigInfoBetaWrapperRowMapper,n/a,n/a,Could not find file,19,1,0.05,19,1,0.05,20,0,0.0
nacos-config 1.1.0,com.alibaba.nacos.config.server.service,PersistService.ConfigInfoTagWrapper,n/a,n/a,Could not find file,0,7,1.0,0,7,1.0,7,0,0.0
nacos-config 1.1.0,com.alibaba.nacos.config.server.service,AggrWhitelist,true,,,24,4,0.14285714285714285,24,4,0.14285714285714285,24,4,0.14285714285714285
nacos-config 1.1.0,com.alibaba.nacos.config.server.service,DynamicDataSource,,,,7,2,0.2222222222222222,7,2,0.2222222222222222,1,8,0.8888888888888888
nacos-config 1.1.0,com.alibaba.nacos.config.server.service,PersistService.UserRowMapper,n/a,n/a,Could not find file,4,1,0.2,4,1,0.2,5,0,0.0
nacos-config 1.1.0,com.alibaba.nacos.config.server.service,PersistService.new TransactionCallback() {...},n/a,n/a,Could not find file,9,0,0.0,9,0,0.0,9,0,0.0
nacos-config 1.1.0,com.alibaba.nacos.config.server.service,ConfigSubService.new ThreadFactory() {...},n/a,n/a,Could not find file,5,0,0.0,5,0,0.0,5,0,0.0
nacos-config 1.1.0,com.alibaba.nacos.config.server.service,PersistService.new PreparedStatementSetter() {...},n/a,n/a,Could not find file,6,0,0.0,6,0,0.0,6,0,0.0
nacos-config 1.1.0,com.alibaba.nacos.config.server.service,PersistService.new PreparedStatementCreator() {...},n/a,n/a,Could not find file,18,0,0.0,18,0,0.0,18,0,0.0
nacos-config 1.1.0,com.alibaba.nacos.config.server.service,PersistService.new TransactionCallback() {...},n/a,n/a,Could not find file,13,0,0.0,13,0,0.0,13,0,0.0
nacos-config 1.1.0,com.alibaba.nacos.config.server.service,PersistService.new TransactionCallback() {...},n/a,n/a,Could not find file,12,0,0.0,12,0,0.0,12,0,0.0
nacos-config 1.1.0,com.alibaba.nacos.config.server.service,PersistService.new TransactionCallback() {...},n/a,n/a,Could not find file,21,0,0.0,21,0,0.0,21,0,0.0
nacos-config 1.1.0,com.alibaba.nacos.config.server.service,PersistService.new PreparedStatementSetter() {...},n/a,n/a,Could not find file,7,0,0.0,7,0,0.0,7,0,0.0
nacos-config 1.1.0,com.alibaba.nacos.config.server.service,PersistService.new TransactionCallback() {...},n/a,n/a,Could not find file,9,0,0.0,9,0,0.0,9,0,0.0
nacos-config 1.1.0,com.alibaba.nacos.config.server.service,PersistService.new TransactionCallback() {...},n/a,n/a,Could not find file,15,0,0.0,15,0,0.0,15,0,0.0
nacos-config 1.1.0,com.alibaba.nacos.config.server.service,LocalDataChangeEvent,,,,0,18,1.0,0,18,1.0,6,12,0.6666666666666666
nacos-config 1.1.0,com.alibaba.nacos.config.server.service,PersistService.ConfigAllInfoRowMapper,n/a,n/a,Could not find file,24,1,0.04,24,1,0.04,25,0,0.0
nacos-config 1.1.0,com.alibaba.nacos.config.server.service,PersistService,,,,1307,61,0.0445906432748538,1307,61,0.0445906432748538,1368,0,0.0
nacos-config 1.1.0,com.alibaba.nacos.config.server.service,LongPollingService.new ThreadFactory() {...},n/a,n/a,Could not find file,0,5,1.0,0,5,1.0,5,0,0.0
nacos-config 1.1.0,com.alibaba.nacos.config.server.service,SwitchService,true,,,36,17,0.32075471698113206,36,17,0.32075471698113206,49,4,0.07547169811320754
nacos-config 1.1.0,com.alibaba.nacos.config.server.service,ConfigService,,,,179,96,0.3490909090909091,168,107,0.3890909090909091,146,129,0.4690909090909091
nacos-config 1.1.0,com.alibaba.nacos.config.server.service,PersistService.ConfigInfo4TagRowMapper,n/a,n/a,Could not find file,16,1,0.058823529411764705,16,1,0.058823529411764705,17,0,0.0
nacos-config 1.1.0,com.alibaba.nacos.config.server.service,BasicDataSourceServiceImpl,true,,,80,36,0.3103448275862069,80,36,0.3103448275862069,116,0,0.0
nacos-config 1.1.0,com.alibaba.nacos.config.server.service,ClientIpWhiteList,true,,,16,8,0.3333333333333333,15,9,0.375,17,7,0.2916666666666667
nacos-config 1.1.0,com.alibaba.nacos.config.server.service,PersistService.TenantInfoRowMapper,n/a,n/a,Could not find file,5,1,0.16666666666666666,5,1,0.16666666666666666,6,0,0.0
nacos-config 1.1.0,com.alibaba.nacos.config.server.service,ConfigDataChangeEvent,,,,2,22,0.9166666666666666,2,22,0.9166666666666666,24,0,0.0
nacos-config 1.1.0,com.alibaba.nacos.config.server.model.capacity,TenantCapacity,,,,0,4,1.0,0,4,1.0,0,4,1.0
nacos-config 1.1.0,com.alibaba.nacos.config.server.model.capacity,GroupCapacity,,,,0,4,1.0,0,4,1.0,0,4,1.0
nacos-config 1.1.0,com.alibaba.nacos.config.server.model.capacity,Capacity,,,,4,29,0.8787878787878788,4,29,0.8787878787878788,0,33,1.0
nacos-config 1.1.0,com.alibaba.nacos.config.server.filter,NacosWebFilter,,,,18,1,0.05263157894736842,18,1,0.05263157894736842,6,13,0.6842105263157895
nacos-config 1.1.0,com.alibaba.nacos.config.server.manager,AbstractTask,,,,1,7,0.875,1,7,0.875,2,6,0.75
nacos-config 1.1.0,com.alibaba.nacos.config.server.manager,TaskManager.ProcessRunnable,n/a,n/a,Could not find file,2,5,0.7142857142857143,5,2,0.2857142857142857,7,0,0.0
nacos-config 1.1.0,com.alibaba.nacos.config.server.manager,TaskManager,,,,47,55,0.5392156862745098,53,49,0.4803921568627451,102,0,0.0
nacos-config 1.1.0,com.alibaba.nacos.config.server.controller,ListenerController,,true,,19,0,0.0,19,0,0.0,19,0,0.0
nacos-config 1.1.0,com.alibaba.nacos.config.server.controller,ConfigServletInner,true,,,131,0,0.0,131,0,0.0,131,0,0.0
nacos-config 1.1.0,com.alibaba.nacos.config.server.controller,HistoryController,,true,,5,1,0.16666666666666666,5,1,0.16666666666666666,6,0,0.0
nacos-config 1.1.0,com.alibaba.nacos.config.server.controller,CommunicationController,,true,,18,0,0.0,18,0,0.0,18,0,0.0
nacos-config 1.1.0,com.alibaba.nacos.config.server.controller,CapacityController,,true,,73,0,0.0,73,0,0.0,73,0,0.0
nacos-config 1.1.0,com.alibaba.nacos.config.server.controller,ConfigController,,true,,248,0,0.0,248,0,0.0,248,0,0.0
nacos-config 1.1.0,com.alibaba.nacos.config.server.controller,OpsController,,true,,4,5,0.5555555555555556,4,5,0.5555555555555556,9,0,0.0
nacos-config 1.1.0,com.alibaba.nacos.config.server.controller,HealthController,,true,,19,4,0.17391304347826086,19,4,0.17391304347826086,23,0,0.0
nacos-config 1.1.0,com.alibaba.nacos.config.server.configuration,NacosConfigConfiguration,,,,1,0,0.0,1,0,0.0,1,0,0.0
nacos-cmdb 1.1.0,com.alibaba.nacos.cmdb.memory,CmdbProvider.CmdbDumpTask,n/a,n/a,Could not find file,9,0,0.0,9,0,0.0,9,0,0.0
nacos-cmdb 1.1.0,com.alibaba.nacos.cmdb.memory,CmdbProvider.CmdbEventTask,n/a,n/a,Could not find file,21,0,0.0,21,0,0.0,21,0,0.0
nacos-cmdb 1.1.0,com.alibaba.nacos.cmdb.memory,CmdbProvider,,,,33,13,0.2826086956521739,33,13,0.2826086956521739,30,16,0.34782608695652173
nacos-cmdb 1.1.0,com.alibaba.nacos.cmdb.memory,CmdbProvider.CmdbLabelTask,n/a,n/a,Could not find file,18,0,0.0,18,0,0.0,18,0,0.0
nacos-cmdb 1.1.0,com.alibaba.nacos.cmdb.controllers,OperationController,,,,4,0,0.0,4,0,0.0,4,0,0.0
nacos-cmdb 1.1.0,com.alibaba.nacos.cmdb,CmdbApp,,,,3,0,0.0,3,0,0.0,3,0,0.0
nacos-cmdb 1.1.0,com.alibaba.nacos.cmdb.core,CmdbManager,,,,1,0,0.0,1,0,0.0,1,0,0.0
nacos-cmdb 1.1.0,com.alibaba.nacos.cmdb.core,SwitchAndOptions,,,,0,5,1.0,0,5,1.0,0,5,1.0
nacos-cmdb 1.1.0,com.alibaba.nacos.cmdb.utils,Loggers,,,,2,0,0.0,2,0,0.0,2,0,0.0
nacos-cmdb 1.1.0,com.alibaba.nacos.cmdb.utils,UtilsAndCommons.new ThreadFactory() {...},n/a,n/a,Could not find file,5,0,0.0,5,0,0.0,5,0,0.0
nacos-cmdb 1.1.0,com.alibaba.nacos.cmdb.utils,UtilsAndCommons,,,,4,0,0.0,4,0,0.0,4,0,0.0
nacos-naming 1.1.0,com.alibaba.nacos.naming.exception,NacosException,,,,0,17,1.0,0,17,1.0,0,17,1.0
nacos-naming 1.1.0,com.alibaba.nacos.naming.exception,ResponseExceptionHandler,,true,,10,0,0.0,10,0,0.0,4,6,0.6
nacos-naming 1.1.0,com.alibaba.nacos.naming.push,PushService.new Runnable() {...},n/a,n/a,Could not find file,35,0,0.0,35,0,0.0,35,0,0.0
nacos-naming 1.1.0,com.alibaba.nacos.naming.push,PushService.new Runnable() {...},n/a,n/a,Could not find file,6,0,0.0,2,4,0.6666666666666666,6,0,0.0
nacos-naming 1.1.0,com.alibaba.nacos.naming.push,ClientInfo,,,,32,15,0.3191489361702128,20,27,0.574468085106383,47,0,0.0
nacos-naming 1.1.0,com.alibaba.nacos.naming.push,ClientInfo.ClientType,n/a,n/a,Could not find file,0,10,1.0,0,10,1.0,10,0,0.0
nacos-naming 1.1.0,com.alibaba.nacos.naming.push,PushService.Receiver.AckEntry,n/a,n/a,Could not find file,0,8,1.0,0,8,1.0,8,0,0.0
nacos-naming 1.1.0,com.alibaba.nacos.naming.push,PushService.Receiver.AckPacket,n/a,n/a,Could not find file,0,1,1.0,0,1,1.0,1,0,0.0
nacos-naming 1.1.0,com.alibaba.nacos.naming.push,PushService.Receiver,n/a,n/a,Could not find file,24,0,0.0,21,3,0.125,24,0,0.0
nacos-naming 1.1.0,com.alibaba.nacos.naming.push,ClientInfo.ClientTypeDescription,n/a,n/a,Could not find file,1,0,0.0,1,0,0.0,1,0,0.0
nacos-naming 1.1.0,com.alibaba.nacos.naming.push,PushService,,,,159,0,0.0,125,34,0.2138364779874214,159,0,0.0
nacos-naming 1.1.0,com.alibaba.nacos.naming.push,PushService.Retransmitter,n/a,n/a,Could not find file,4,3,0.42857142857142855,4,3,0.42857142857142855,7,0,0.0
nacos-naming 1.1.0,com.alibaba.nacos.naming.push,PushService.new ThreadFactory() {...},n/a,n/a,Could not find file,5,0,0.0,4,1,0.2,5,0,0.0
nacos-naming 1.1.0,com.alibaba.nacos.naming.push,PushService.new ThreadFactory() {...},n/a,n/a,Could not find file,5,0,0.0,0,5,1.0,5,0,0.0
nacos-naming 1.1.0,com.alibaba.nacos.naming.push,PushService.PushClient,n/a,n/a,Could not find file,48,0,0.0,43,5,0.10416666666666667,48,0,0.0
nacos-naming 1.1.0,com.alibaba.nacos.naming,NamingApp,,,,3,0,0.0,3,0,0.0,3,0,0.0
nacos-naming 1.1.0,com.alibaba.nacos.naming.boot,SpringContext,,,,2,2,0.5,2,2,0.5,0,4,1.0
nacos-naming 1.1.0,com.alibaba.nacos.naming.boot,RunningConfig,,,,7,3,0.3,7,3,0.3,7,3,0.3
nacos-naming 1.1.0,com.alibaba.nacos.naming.cluster,ServerListManager,,,,149,15,0.09146341463414634,149,15,0.09146341463414634,104,60,0.36585365853658536
nacos-naming 1.1.0,com.alibaba.nacos.naming.cluster,ServerListManager.ServerStatusReporter,n/a,n/a,Could not find file,30,0,0.0,30,0,0.0,29,1,0.03333333333333333
nacos-naming 1.1.0,com.alibaba.nacos.naming.cluster,ServerListManager.ServerListUpdater,n/a,n/a,Could not find file,23,0,0.0,23,0,0.0,14,9,0.391304347826087
nacos-naming 1.1.0,com.alibaba.nacos.naming.cluster,ServerStatusManager.ServerStatusUpdater,n/a,n/a,Could not find file,3,0,0.0,3,0,0.0,3,0,0.0
nacos-naming 1.1.0,com.alibaba.nacos.naming.cluster,ServerListManager.new Runnable() {...},n/a,n/a,Could not find file,6,0,0.0,6,0,0.0,6,0,0.0
nacos-naming 1.1.0,com.alibaba.nacos.naming.cluster,ServerStatusManager,true,,,9,3,0.25,9,3,0.25,12,0,0.0
nacos-naming 1.1.0,com.alibaba.nacos.naming.cluster,ServerMode,,,,4,0,0.0,4,0,0.0,0,4,1.0
nacos-naming 1.1.0,com.alibaba.nacos.naming.cluster,ServerStatus,,,,0,7,1.0,0,7,1.0,0,7,1.0
nacos-naming 1.1.0,com.alibaba.nacos.naming.cluster.transport,FastJsonSerializer,,,,12,10,0.45454545454545453,12,10,0.45454545454545453,16,6,0.2727272727272727
nacos-naming 1.1.0,com.alibaba.nacos.naming.cluster.transport,FastJsonSerializer.new TypeReference() {...},n/a,n/a,Could not find file,0,1,1.0,0,1,1.0,0,1,1.0
nacos-naming 1.1.0,com.alibaba.nacos.naming.healthcheck,HealthCheckProcessorDelegate,,,,10,5,0.3333333333333333,10,5,0.3333333333333333,6,9,0.6
nacos-naming 1.1.0,com.alibaba.nacos.naming.healthcheck,HttpHealthCheckProcessor,,,,39,16,0.2909090909090909,39,16,0.2909090909090909,39,16,0.2909090909090909
nacos-naming 1.1.0,com.alibaba.nacos.naming.healthcheck,TcpSuperSenseProcessor.TimeOutTask,n/a,n/a,Could not find file,17,0,0.0,17,0,0.0,17,0,0.0
nacos-naming 1.1.0,com.alibaba.nacos.naming.healthcheck,MysqlHealthCheckProcessor.MysqlCheckTask,n/a,n/a,Could not find file,59,0,0.0,59,0,0.0,59,0,0.0
nacos-naming 1.1.0,com.alibaba.nacos.naming.healthcheck,MysqlHealthCheckProcessor.new ThreadFactory() {...},n/a,n/a,Could not find file,4,1,0.2,4,1,0.2,4,1,0.2
nacos-naming 1.1.0,com.alibaba.nacos.naming.healthcheck,ClientBeatProcessor,,,,22,8,0.26666666666666666,22,8,0.26666666666666666,15,15,0.5
nacos-naming 1.1.0,com.alibaba.nacos.naming.healthcheck,RsInfo,,,,0,42,1.0,0,42,1.0,0,42,1.0
nacos-naming 1.1.0,com.alibaba.nacos.naming.healthcheck,TcpSuperSenseProcessor.PostProcessor,n/a,n/a,Could not find file,28,0,0.0,28,0,0.0,28,0,0.0
nacos-naming 1.1.0,com.alibaba.nacos.naming.healthcheck,TcpSuperSenseProcessor.new ThreadFactory() {...},n/a,n/a,Could not find file,4,1,0.2,4,1,0.2,5,0,0.0
nacos-naming 1.1.0,com.alibaba.nacos.naming.healthcheck,TcpSuperSenseProcessor.new ThreadFactory() {...},n/a,n/a,Could not find file,0,5,1.0,0,5,1.0,5,0,0.0
nacos-naming 1.1.0,com.alibaba.nacos.naming.healthcheck,HealthCheckCommon.new Runnable() {...},n/a,n/a,Could not find file,21,0,0.0,21,0,0.0,20,1,0.047619047619047616
nacos-naming 1.1.0,com.alibaba.nacos.naming.healthcheck,HealthCheckCommon.new ThreadFactory() {...},n/a,n/a,Could not find file,5,0,0.0,5,0,0.0,0,5,1.0
nacos-naming 1.1.0,com.alibaba.nacos.naming.healthcheck,TcpSuperSenseProcessor,,,,44,14,0.2413793103448276,44,14,0.2413793103448276,58,0,0.0
nacos-naming 1.1.0,com.alibaba.nacos.naming.healthcheck,ClientBeatCheckTask.new AsyncCompletionHandler() {...},n/a,n/a,Could not find file,5,0,0.0,5,0,0.0,5,0,0.0
nacos-naming 1.1.0,com.alibaba.nacos.naming.healthcheck,JsonAdapter,,,,17,0,0.0,15,2,0.11764705882352941,6,11,0.6470588235294118
nacos-naming 1.1.0,com.alibaba.nacos.naming.healthcheck,HealthCheckType,,,,7,17,0.7083333333333334,7,17,0.7083333333333334,14,10,0.4166666666666667
nacos-naming 1.1.0,com.alibaba.nacos.naming.healthcheck,TcpSuperSenseProcessor.Beat,n/a,n/a,Could not find file,30,0,0.0,30,0,0.0,30,0,0.0
nacos-naming 1.1.0,com.alibaba.nacos.naming.healthcheck,HttpHealthCheckProcessor.HttpHealthCheckCallback,n/a,n/a,Could not find file,32,0,0.0,32,0,0.0,32,0,0.0
nacos-naming 1.1.0,com.alibaba.nacos.naming.healthcheck,ClientBeatCheckTask,,,,41,4,0.08888888888888889,41,4,0.08888888888888889,38,7,0.15555555555555556
nacos-naming 1.1.0,com.alibaba.nacos.naming.healthcheck,NoneHealthCheckProcessor,,,,1,2,0.6666666666666666,1,2,0.6666666666666666,1,2,0.6666666666666666
nacos-naming 1.1.0,com.alibaba.nacos.naming.healthcheck,TcpSuperSenseProcessor.TaskProcessor,n/a,n/a,Could not find file,38,0,0.0,38,0,0.0,38,0,0.0
nacos-naming 1.1.0,com.alibaba.nacos.naming.healthcheck,HealthCheckTask,,,,63,0,0.0,63,0,0.0,63,0,0.0
nacos-naming 1.1.0,com.alibaba.nacos.naming.healthcheck,MysqlHealthCheckProcessor,,,,23,8,0.25806451612903225,23,8,0.25806451612903225,23,8,0.25806451612903225
nacos-naming 1.1.0,com.alibaba.nacos.naming.healthcheck,HealthCheckCommon.HealthCheckResult,n/a,n/a,Could not find file,4,6,0.6,4,6,0.6,10,0,0.0
nacos-naming 1.1.0,com.alibaba.nacos.naming.healthcheck,HealthCheckStatus,,,,3,18,0.8571428571428571,3,18,0.8571428571428571,7,14,0.6666666666666666
nacos-naming 1.1.0,com.alibaba.nacos.naming.healthcheck,HealthCheckReactor,,,,19,0,0.0,19,0,0.0,8,11,0.5789473684210527
nacos-naming 1.1.0,com.alibaba.nacos.naming.healthcheck,TcpSuperSenseProcessor.BeatKey,n/a,n/a,Could not find file,4,0,0.0,4,0,0.0,4,0,0.0
nacos-naming 1.1.0,com.alibaba.nacos.naming.healthcheck,HealthCheckCommon,,,,92,0,0.0,92,0,0.0,87,5,0.05434782608695652
nacos-naming 1.1.0,com.alibaba.nacos.naming.healthcheck,HealthCheckReactor.new ThreadFactory() {...},n/a,n/a,Could not find file,5,0,0.0,5,0,0.0,0,5,1.0
nacos-naming 1.1.0,com.alibaba.nacos.naming.web,OverrideParameterRequestWrapper,,,,20,0,0.0,20,0,0.0,20,0,0.0
nacos-naming 1.1.0,com.alibaba.nacos.naming.web,FilterBase,,,,23,4,0.14814814814814814,23,4,0.14814814814814814,0,27,1.0
nacos-naming 1.1.0,com.alibaba.nacos.naming.web,DistroFilter,,,,60,1,0.01639344262295082,60,1,0.01639344262295082,58,3,0.04918032786885246
nacos-naming 1.1.0,com.alibaba.nacos.naming.web,AuthFilter,,,,25,1,0.038461538461538464,25,1,0.038461538461538464,23,3,0.11538461538461539
nacos-naming 1.1.0,com.alibaba.nacos.naming.web,NamingConfig,,,,0,22,1.0,0,22,1.0,22,0,0.0
nacos-naming 1.1.0,com.alibaba.nacos.naming.web,TrafficReviseFilter,,,,29,1,0.03333333333333333,29,1,0.03333333333333333,30,0,0.0
nacos-naming 1.1.0,com.alibaba.nacos.naming.pojo,IpAddressInfo,,,,0,19,1.0,0,19,1.0,0,19,1.0
nacos-naming 1.1.0,com.alibaba.nacos.naming.pojo,ClusterStateView,,,,0,20,1.0,0,20,1.0,1,19,0.95
nacos-naming 1.1.0,com.alibaba.nacos.naming.pojo,Subscribers,,,,0,4,1.0,0,4,1.0,0,4,1.0
nacos-naming 1.1.0,com.alibaba.nacos.naming.pojo,ServiceDetailInfo,,,,0,13,1.0,0,13,1.0,0,13,1.0
nacos-naming 1.1.0,com.alibaba.nacos.naming.pojo,ServiceDetailView,,,,0,8,1.0,0,8,1.0,1,7,0.875
nacos-naming 1.1.0,com.alibaba.nacos.naming.pojo,ClusterInfo,,,,0,4,1.0,0,4,1.0,0,4,1.0
nacos-naming 1.1.0,com.alibaba.nacos.naming.pojo,ServiceView,,,,0,17,1.0,0,17,1.0,1,16,0.9411764705882353
nacos-naming 1.1.0,com.alibaba.nacos.naming.pojo,Subscriber,,,,8,31,0.7948717948717948,8,31,0.7948717948717948,10,29,0.7435897435897436
nacos-naming 1.1.0,com.alibaba.nacos.naming.cluster.servers,Server,,,,9,34,0.7906976744186046,9,34,0.7906976744186046,6,37,0.8604651162790697
nacos-naming 1.1.0,com.alibaba.nacos.naming.consistency,DelegateConsistencyServiceImpl,true,,,16,0,0.0,16,0,0.0,16,0,0.0
nacos-naming 1.1.0,com.alibaba.nacos.naming.consistency,KeyBuilder,,,,10,20,0.6666666666666666,4,26,0.8666666666666667,4,26,0.8666666666666667
nacos-naming 1.1.0,com.alibaba.nacos.naming.consistency,Datum,,,,0,2,1.0,0,2,1.0,0,2,1.0
nacos-naming 1.1.0,com.alibaba.nacos.naming.consistency,ApplyAction,,,,0,3,1.0,0,3,1.0,0,3,1.0
nacos-naming 1.1.0,com.alibaba.nacos.naming.consistency.ephemeral.distro,DataSyncer,,,,25,3,0.10714285714285714,25,3,0.10714285714285714,21,7,0.25
nacos-naming 1.1.0,com.alibaba.nacos.naming.consistency.ephemeral.distro,DataSyncer.TimedSync,n/a,n/a,Could not find file,22,0,0.0,22,0,0.0,21,1,0.045454545454545456
nacos-naming 1.1.0,com.alibaba.nacos.naming.consistency.ephemeral.distro,TaskDispatcher.TaskScheduler,n/a,n/a,Could not find file,31,7,0.18421052631578946,31,7,0.18421052631578946,30,8,0.21052631578947367
nacos-naming 1.1.0,com.alibaba.nacos.naming.consistency.ephemeral.distro,DataStore,,,,9,16,0.64,9,16,0.64,8,17,0.68
nacos-naming 1.1.0,com.alibaba.nacos.naming.consistency.ephemeral.distro,TaskDispatcher,,,,7,3,0.3,7,3,0.3,2,8,0.8
nacos-naming 1.1.0,com.alibaba.nacos.naming.consistency.ephemeral.distro,SyncTask,,,,0,13,1.0,0,13,1.0,0,13,1.0
nacos-naming 1.1.0,com.alibaba.nacos.naming.consistency.ephemeral.distro,DistroConsistencyServiceImpl.new Runnable() {...},n/a,n/a,Could not find file,6,0,0.0,6,0,0.0,6,0,0.0
nacos-naming 1.1.0,com.alibaba.nacos.naming.consistency.ephemeral.distro,DistroConsistencyServiceImpl.new ThreadFactory() {...},n/a,n/a,Could not find file,4,1,0.2,4,1,0.2,5,0,0.0
nacos-naming 1.1.0,com.alibaba.nacos.naming.consistency.ephemeral.distro,DistroConsistencyServiceImpl.Notifier,n/a,n/a,Could not find file,29,9,0.23684210526315788,29,9,0.23684210526315788,38,0,0.0
nacos-naming 1.1.0,com.alibaba.nacos.naming.consistency.ephemeral.distro,DistroConsistencyServiceImpl,,,,125,9,0.06716417910447761,125,9,0.06716417910447761,134,0,0.0
nacos-naming 1.1.0,com.alibaba.nacos.naming.consistency.ephemeral.distro,DataSyncer.new Runnable() {...},n/a,n/a,Could not find file,31,0,0.0,31,0,0.0,31,0,0.0
nacos-naming 1.1.0,com.alibaba.nacos.naming.monitor,PerformanceLoggerThread.PerformanceLogTask,n/a,n/a,Could not find file,10,0,0.0,10,0,0.0,9,1,0.1
nacos-naming 1.1.0,com.alibaba.nacos.naming.monitor,PerformanceLoggerThread,,,,49,0,0.0,49,0,0.0,41,8,0.16326530612244897
nacos-naming 1.1.0,com.alibaba.nacos.naming.monitor,MetricsMonitor,,,,64,0,0.0,64,0,0.0,1,63,0.984375
nacos-naming 1.1.0,com.alibaba.nacos.naming.monitor,PerformanceLoggerThread.new ThreadFactory() {...},n/a,n/a,Could not find file,5,0,0.0,5,0,0.0,0,5,1.0
nacos-naming 1.1.0,com.alibaba.nacos.naming.monitor,PerformanceLoggerThread.HealthCheckSwitchTask,n/a,n/a,Could not find file,5,0,0.0,5,0,0.0,4,1,0.2
nacos-naming 1.1.0,com.alibaba.nacos.naming.consistency.persistent.raft,RaftProxy,,,,8,21,0.7241379310344828,8,21,0.7241379310344828,29,0,0.0
nacos-naming 1.1.0,com.alibaba.nacos.naming.consistency.persistent.raft,RaftPeer,,,,5,11,0.6875,5,11,0.6875,1,15,0.9375
nacos-naming 1.1.0,com.alibaba.nacos.naming.consistency.persistent.raft,RaftStore.new TypeReference() {...},n/a,n/a,Could not find file,1,0,0.0,1,0,0.0,1,0,0.0
nacos-naming 1.1.0,com.alibaba.nacos.naming.consistency.persistent.raft,RaftStore.new TypeReference() {...},n/a,n/a,Could not find file,1,0,0.0,1,0,0.0,1,0,0.0
nacos-naming 1.1.0,com.alibaba.nacos.naming.consistency.persistent.raft,RaftStore.new TypeReference() {...},n/a,n/a,Could not find file,1,0,0.0,1,0,0.0,1,0,0.0
nacos-naming 1.1.0,com.alibaba.nacos.naming.consistency.persistent.raft,RaftStore.new TypeReference() {...},n/a,n/a,Could not find file,1,0,0.0,1,0,0.0,1,0,0.0
nacos-naming 1.1.0,com.alibaba.nacos.naming.consistency.persistent.raft,RaftCore,,,,260,17,0.061371841155234655,259,18,0.06498194945848375,241,36,0.1299638989169675
nacos-naming 1.1.0,com.alibaba.nacos.naming.consistency.persistent.raft,BaseRaftEvent,,,,0,4,1.0,0,4,1.0,0,4,1.0
nacos-naming 1.1.0,com.alibaba.nacos.naming.consistency.persistent.raft,RaftCore.HeartBeat,n/a,n/a,Could not find file,56,0,0.0,56,0,0.0,56,0,0.0
nacos-naming 1.1.0,com.alibaba.nacos.naming.consistency.persistent.raft,RaftCore.HeartBeat.new AsyncCompletionHandler() {...},n/a,n/a,Could not find file,12,0,0.0,12,0,0.0,12,0,0.0
nacos-naming 1.1.0,com.alibaba.nacos.naming.consistency.persistent.raft,RaftCore.Notifier,n/a,n/a,Could not find file,40,10,0.2,40,10,0.2,46,4,0.08
nacos-naming 1.1.0,com.alibaba.nacos.naming.consistency.persistent.raft,MakeLeaderEvent,,,,0,2,1.0,0,2,1.0,0,2,1.0
nacos-naming 1.1.0,com.alibaba.nacos.naming.consistency.persistent.raft,RaftPeerSet.new AsyncCompletionHandler() {...},n/a,n/a,Could not find file,8,0,0.0,8,0,0.0,8,0,0.0
nacos-naming 1.1.0,com.alibaba.nacos.naming.consistency.persistent.raft,RaftCore.MasterElection,n/a,n/a,Could not find file,31,0,0.0,31,0,0.0,31,0,0.0
nacos-naming 1.1.0,com.alibaba.nacos.naming.consistency.persistent.raft,RaftConsistencyServiceImpl,true,,,27,11,0.2894736842105263,27,11,0.2894736842105263,38,0,0.0
nacos-naming 1.1.0,com.alibaba.nacos.naming.consistency.persistent.raft,LeaderElectFinishedEvent,,,,0,2,1.0,0,2,1.0,0,2,1.0
nacos-naming 1.1.0,com.alibaba.nacos.naming.consistency.persistent.raft,RaftPeerSet,,,,80,29,0.26605504587155965,65,44,0.4036697247706422,52,57,0.5229357798165137
nacos-naming 1.1.0,com.alibaba.nacos.naming.consistency.persistent.raft,RaftCore.MasterElection.new AsyncCompletionHandler() {...},n/a,n/a,Could not find file,8,0,0.0,8,0,0.0,8,0,0.0
nacos-naming 1.1.0,com.alibaba.nacos.naming.consistency.persistent.raft,RaftPeer.State,n/a,n/a,Could not find file,0,4,1.0,0,4,1.0,0,4,1.0
nacos-naming 1.1.0,com.alibaba.nacos.naming.consistency.persistent.raft,RaftCore.4.new TypeReference() {...},n/a,n/a,Could not find file,1,0,0.0,1,0,0.0,1,0,0.0
nacos-naming 1.1.0,com.alibaba.nacos.naming.consistency.persistent.raft,RaftStore,,,,128,0,0.0,114,14,0.109375,128,0,0.0
nacos-naming 1.1.0,com.alibaba.nacos.naming.consistency.persistent.raft,RaftCore.new AsyncCompletionHandler() {...},n/a,n/a,Could not find file,44,0,0.0,44,0,0.0,44,0,0.0
nacos-naming 1.1.0,com.alibaba.nacos.naming.consistency.persistent.raft,RaftCore.new AsyncCompletionHandler() {...},n/a,n/a,Could not find file,7,0,0.0,7,0,0.0,7,0,0.0
nacos-naming 1.1.0,com.alibaba.nacos.naming.consistency.persistent.raft,RaftCore.new AsyncCompletionHandler() {...},n/a,n/a,Could not find file,8,0,0.0,8,0,0.0,8,0,0.0
nacos-naming 1.1.0,com.alibaba.nacos.naming.consistency.persistent.raft,RaftCore.new ThreadFactory() {...},n/a,n/a,Could not find file,4,1,0.2,4,1,0.2,4,1,0.2
nacos-naming 1.1.0,com.alibaba.nacos.naming.misc,GlobalExecutor,,,,25,17,0.40476190476190477,25,17,0.40476190476190477,1,41,0.9761904761904762
nacos-naming 1.1.0,com.alibaba.nacos.naming.misc,ServiceStatusSynchronizer.new AsyncCompletionHandler() {...},n/a,n/a,Could not find file,5,0,0.0,5,0,0.0,4,1,0.2
nacos-naming 1.1.0,com.alibaba.nacos.naming.misc,Loggers,,,,1,8,0.8888888888888888,1,8,0.8888888888888888,1,8,0.8888888888888888
nacos-naming 1.1.0,com.alibaba.nacos.naming.misc,NetUtils,,,,6,9,0.6,1,14,0.9333333333333333,1,14,0.9333333333333333
nacos-naming 1.1.0,com.alibaba.nacos.naming.misc,SwitchEntry,,,,1,0,0.0,1,0,0.0,1,0,0.0
nacos-naming 1.1.0,com.alibaba.nacos.naming.misc,SwitchDomain,,,,4,121,0.968,6,119,0.952,125,0,0.0
nacos-naming 1.1.0,com.alibaba.nacos.naming.misc,ServiceStatusSynchronizer,,,,20,9,0.3103448275862069,20,9,0.3103448275862069,6,23,0.7931034482758621
nacos-naming 1.1.0,com.alibaba.nacos.naming.misc,GlobalExecutor.new ThreadFactory() {...},n/a,n/a,Could not find file,4,1,0.2,4,1,0.2,0,5,1.0
nacos-naming 1.1.0,com.alibaba.nacos.naming.misc,GlobalExecutor.new ThreadFactory() {...},n/a,n/a,Could not find file,4,1,0.2,4,1,0.2,0,5,1.0
nacos-naming 1.1.0,com.alibaba.nacos.naming.misc,GlobalExecutor.new ThreadFactory() {...},n/a,n/a,Could not find file,4,1,0.2,4,1,0.2,0,5,1.0
nacos-naming 1.1.0,com.alibaba.nacos.naming.misc,GlobalExecutor.new ThreadFactory() {...},n/a,n/a,Could not find file,4,1,0.2,4,1,0.2,0,5,1.0
nacos-naming 1.1.0,com.alibaba.nacos.naming.misc,HttpClient.HttpGetWithEntity,n/a,n/a,Could not find file,0,2,1.0,0,2,1.0,2,0,0.0
nacos-naming 1.1.0,com.alibaba.nacos.naming.misc,GlobalExecutor.new ThreadFactory() {...},n/a,n/a,Could not find file,4,1,0.2,4,1,0.2,0,5,1.0
nacos-naming 1.1.0,com.alibaba.nacos.naming.misc,GlobalExecutor.new ThreadFactory() {...},n/a,n/a,Could not find file,4,1,0.2,4,1,0.2,0,5,1.0
nacos-naming 1.1.0,com.alibaba.nacos.naming.misc,ServerStatusSynchronizer,,,,13,2,0.13333333333333333,13,2,0.13333333333333333,0,15,1.0
nacos-naming 1.1.0,com.alibaba.nacos.naming.misc,NamingProxy,,,,21,48,0.6956521739130435,21,48,0.6956521739130435,23,46,0.6666666666666666
nacos-naming 1.1.0,com.alibaba.nacos.naming.misc,ServerStatusSynchronizer.new AsyncCompletionHandler() {...},n/a,n/a,Could not find file,5,0,0.0,5,0,0.0,4,1,0.2
nacos-naming 1.1.0,com.alibaba.nacos.naming.misc,NamingProxy.new AsyncCompletionHandler() {...},n/a,n/a,Could not find file,9,0,0.0,9,0,0.0,5,4,0.4444444444444444
nacos-naming 1.1.0,com.alibaba.nacos.naming.misc,SwitchDomain.HttpHealthParams,n/a,n/a,Could not find file,0,13,1.0,0,13,1.0,13,0,0.0
nacos-naming 1.1.0,com.alibaba.nacos.naming.misc,NamingProxy.Request,n/a,n/a,Could not find file,3,7,0.7,3,7,0.7,10,0,0.0
nacos-naming 1.1.0,com.alibaba.nacos.naming.misc,SwitchDomain.MysqlHealthParams,n/a,n/a,Could not find file,0,13,1.0,0,13,1.0,13,0,0.0
nacos-naming 1.1.0,com.alibaba.nacos.naming.misc,HttpClient,,,,159,91,0.364,158,92,0.368,135,115,0.46
nacos-naming 1.1.0,com.alibaba.nacos.naming.misc,SwitchManager,,,,154,5,0.031446540880503145,154,5,0.031446540880503145,153,6,0.03773584905660377
nacos-naming 1.1.0,com.alibaba.nacos.naming.misc,UtilsAndCommons,,,,47,0,0.0,9,38,0.8085106382978723,11,36,0.7659574468085106
nacos-naming 1.1.0,com.alibaba.nacos.naming.misc,Message,,,,0,4,1.0,0,4,1.0,0,4,1.0
nacos-naming 1.1.0,com.alibaba.nacos.naming.misc,HttpClient.HttpResult,n/a,n/a,Could not find file,1,5,0.8333333333333334,1,5,0.8333333333333334,1,5,0.8333333333333334
nacos-naming 1.1.0,com.alibaba.nacos.naming.misc,UtilsAndCommons.new ThreadFactory() {...},n/a,n/a,Could not find file,5,0,0.0,4,1,0.2,4,1,0.2
nacos-naming 1.1.0,com.alibaba.nacos.naming.misc,UtilsAndCommons.new TypeReference() {...},n/a,n/a,Could not find file,1,0,0.0,0,1,1.0,0,1,1.0
nacos-naming 1.1.0,com.alibaba.nacos.naming.misc,UtilsAndCommons.new ThreadFactory() {...},n/a,n/a,Could not find file,5,0,0.0,4,1,0.2,4,1,0.2
nacos-naming 1.1.0,com.alibaba.nacos.naming.misc,UtilsAndCommons.new ThreadFactory() {...},n/a,n/a,Could not find file,5,0,0.0,4,1,0.2,4,1,0.2
nacos-naming 1.1.0,com.alibaba.nacos.naming.misc,UtilsAndCommons.new ThreadFactory() {...},n/a,n/a,Could not find file,5,0,0.0,4,1,0.2,4,1,0.2
nacos-naming 1.1.0,com.alibaba.nacos.naming.misc,GlobalConfig,,,,0,11,1.0,0,11,1.0,0,11,1.0
nacos-naming 1.1.0,com.alibaba.nacos.naming.misc,SwitchDomain.TcpHealthParams,n/a,n/a,Could not find file,0,13,1.0,0,13,1.0,13,0,0.0
nacos-naming 1.1.0,com.alibaba.nacos.naming.controllers,ClusterController,,,,31,1,0.03125,31,1,0.03125,32,0,0.0
nacos-naming 1.1.0,com.alibaba.nacos.naming.controllers,ServiceController,,,,222,1,0.004484304932735426,222,1,0.004484304932735426,210,13,0.05829596412556054
nacos-naming 1.1.0,com.alibaba.nacos.naming.controllers,RaftController,,,,107,0,0.0,107,0,0.0,107,0,0.0
nacos-naming 1.1.0,com.alibaba.nacos.naming.controllers,ApiController,,,,55,0,0.0,55,0,0.0,55,0,0.0
nacos-naming 1.1.0,com.alibaba.nacos.naming.controllers,HealthController,,,,30,9,0.23076923076923078,30,9,0.23076923076923078,39,0,0.0
nacos-naming 1.1.0,com.alibaba.nacos.naming.controllers,DistroController.new TypeReference() {...},n/a,n/a,Could not find file,1,0,0.0,1,0,0.0,1,0,0.0
nacos-naming 1.1.0,com.alibaba.nacos.naming.controllers,InstanceController,,,,252,0,0.0,252,0,0.0,252,0,0.0
nacos-naming 1.1.0,com.alibaba.nacos.naming.controllers,DistroController,,,,33,0,0.0,33,0,0.0,30,3,0.09090909090909091
nacos-naming 1.1.0,com.alibaba.nacos.naming.controllers,RaftController.new TypeReference() {...},n/a,n/a,Could not find file,1,0,0.0,1,0,0.0,1,0,0.0
nacos-naming 1.1.0,com.alibaba.nacos.naming.controllers,RaftController.new TypeReference() {...},n/a,n/a,Could not find file,1,0,0.0,1,0,0.0,1,0,0.0
nacos-naming 1.1.0,com.alibaba.nacos.naming.controllers,RaftController.new TypeReference() {...},n/a,n/a,Could not find file,1,0,0.0,1,0,0.0,1,0,0.0
nacos-naming 1.1.0,com.alibaba.nacos.naming.controllers,InstanceController.new DataSource() {...},n/a,n/a,Could not find file,9,0,0.0,9,0,0.0,9,0,0.0
nacos-naming 1.1.0,com.alibaba.nacos.naming.controllers,CatalogController,,,,138,1,0.007194244604316547,138,1,0.007194244604316547,139,0,0.0
nacos-naming 1.1.0,com.alibaba.nacos.naming.controllers,OperatorController,,,,97,0,0.0,97,0,0.0,97,0,0.0
nacos-naming 1.1.0,com.alibaba.nacos.naming.core,ServiceManager,,,,240,73,0.23322683706070288,240,73,0.23322683706070288,232,81,0.25878594249201275
nacos-naming 1.1.0,com.alibaba.nacos.naming.core,Cluster,,,,120,51,0.2982456140350877,118,53,0.30994152046783624,77,94,0.5497076023391813
nacos-naming 1.1.0,com.alibaba.nacos.naming.core,Instances,,,,18,21,0.5384615384615384,18,21,0.5384615384615384,39,0,0.0
nacos-naming 1.1.0,com.alibaba.nacos.naming.core,SubscribeManager,true,,,23,0,0.0,23,0,0.0,23,0,0.0
nacos-naming 1.1.0,com.alibaba.nacos.naming.core,ServiceManager.ServiceChecksum,n/a,n/a,Could not find file,5,7,0.5833333333333334,5,7,0.5833333333333334,12,0,0.0
nacos-naming 1.1.0,com.alibaba.nacos.naming.core,ServiceManager.UpdatedServiceProcessor,n/a,n/a,Could not find file,12,0,0.0,12,0,0.0,12,0,0.0
nacos-naming 1.1.0,com.alibaba.nacos.naming.core,Instance,,,,62,64,0.5079365079365079,63,63,0.5,109,17,0.1349206349206349
nacos-naming 1.1.0,com.alibaba.nacos.naming.core,ServiceManager.ServiceReporter,n/a,n/a,Could not find file,30,0,0.0,30,0,0.0,30,0,0.0
nacos-naming 1.1.0,com.alibaba.nacos.naming.core,DistroMapper,,,,29,4,0.12121212121212122,27,6,0.18181818181818182,20,13,0.3939393939393939
nacos-naming 1.1.0,com.alibaba.nacos.naming.core,Service,,,,135,110,0.4489795918367347,146,99,0.40408163265306124,106,139,0.5673469387755102
nacos-naming 1.1.0,com.alibaba.nacos.naming.core,ServiceManager.ServiceUpdater,n/a,n/a,Could not find file,10,0,0.0,10,0,0.0,10,0,0.0
nacos-naming 1.1.0,com.alibaba.nacos.naming.core,ServiceManager.ServiceKey,n/a,n/a,Could not find file,11,0,0.0,11,0,0.0,5,6,0.5454545454545454
nacos-naming 1.1.0,com.alibaba.nacos.naming.healthcheck.extend,HealthCheckExtendProvider,,,,23,22,0.4888888888888889,23,22,0.4888888888888889,21,24,0.5333333333333333
nacos-naming 1.1.0,com.alibaba.nacos.naming.acl,AuthChecker,,,,43,0,0.0,43,0,0.0,43,0,0.0
nacos-naming 1.1.0,com.alibaba.nacos.naming.acl,AuthInfo,,,,6,21,0.7777777777777778,4,23,0.8518518518518519,15,12,0.4444444444444444
nacos-naming 1.1.0,com.alibaba.nacos.naming.selector,NoneSelector,,,,0,2,1.0,0,2,1.0,0,2,1.0
nacos-naming 1.1.0,com.alibaba.nacos.naming.selector,SelectorJsonAdapter,,,,22,0,0.0,20,2,0.09090909090909091,11,11,0.5
nacos-naming 1.1.0,com.alibaba.nacos.naming.selector,LabelSelector.ExpressionInterpreter,n/a,n/a,Could not find file,39,26,0.4,38,27,0.4153846153846154,65,0,0.0
nacos-naming 1.1.0,com.alibaba.nacos.naming.selector,LabelSelector,,,,21,11,0.34375,21,11,0.34375,21,11,0.34375
nacos-address 1.1.0,com.alibaba.nacos.address,AddressServer,,,,3,0,0.0,3,0,0.0,3,0,0.0
nacos-address 1.1.0,com.alibaba.nacos.address.util,AddressServerParamCheckUtil,,,,4,9,0.6923076923076923,4,9,0.6923076923076923,1,12,0.9230769230769231
nacos-address 1.1.0,com.alibaba.nacos.address.misc,Loggers,,,,2,0,0.0,2,0,0.0,2,0,0.0
nacos-address 1.1.0,com.alibaba.nacos.address.component,AddressServerGeneratorManager,,,,10,23,0.696969696969697,7,26,0.7878787878787878,33,0,0.0
nacos-address 1.1.0,com.alibaba.nacos.address.component,AddressServerManager,,,,3,8,0.7272727272727273,0,11,1.0,0,11,1.0
nacos-address 1.1.0,com.alibaba.nacos.address.controller,ServerListController,,,,10,0,0.0,10,0,0.0,10,0,0.0
nacos-address 1.1.0,com.alibaba.nacos.address.controller,AddressServerClusterController,,,,47,0,0.0,47,0,0.0,47,0,0.0
nacos-client 1.1.0,com.alibaba.nacos.client.config.impl,HttpSimpleClient,,,,88,9,0.09278350515463918,88,9,0.09278350515463918,97,0,0.0
nacos-client 1.1.0,com.alibaba.nacos.client.config.impl,TimerService.new ThreadFactory() {...},n/a,n/a,Could not find file,4,1,0.2,4,1,0.2,5,0,0.0
nacos-client 1.1.0,com.alibaba.nacos.client.config.impl,ServerListManager,,,,105,91,0.4642857142857143,104,92,0.46938775510204084,178,18,0.09183673469387756
nacos-client 1.1.0,com.alibaba.nacos.client.config.impl,EventDispatcher.AbstractEventListener,n/a,n/a,Could not find file,3,0,0.0,3,0,0.0,3,0,0.0
nacos-client 1.1.0,com.alibaba.nacos.client.config.impl,ClientWorker,,,,238,0,0.0,238,0,0.0,238,0,0.0
nacos-client 1.1.0,com.alibaba.nacos.client.config.impl,SpasAdapter,,,,17,22,0.5641025641025641,14,25,0.6410256410256411,30,9,0.23076923076923078
nacos-client 1.1.0,com.alibaba.nacos.client.config.impl,ClientWorker.new Runnable() {...},n/a,n/a,Could not find file,6,0,0.0,6,0,0.0,6,0,0.0
nacos-client 1.1.0,com.alibaba.nacos.client.config.impl,ClientWorker.new ThreadFactory() {...},n/a,n/a,Could not find file,5,0,0.0,5,0,0.0,5,0,0.0
nacos-client 1.1.0,com.alibaba.nacos.client.config.impl,ClientWorker.new ThreadFactory() {...},n/a,n/a,Could not find file,5,0,0.0,5,0,0.0,5,0,0.0
nacos-client 1.1.0,com.alibaba.nacos.client.config.impl,HttpSimpleClient.HttpResult,n/a,n/a,Could not find file,0,10,1.0,0,10,1.0,10,0,0.0
nacos-client 1.1.0,com.alibaba.nacos.client.config.impl,CacheData.new Runnable() {...},n/a,n/a,Could not find file,25,0,0.0,25,0,0.0,25,0,0.0
nacos-client 1.1.0,com.alibaba.nacos.client.config.impl,ServerAddressIterator.RandomizedServerAddress,n/a,n/a,Could not find file,5,7,0.5833333333333334,5,7,0.5833333333333334,5,7,0.5833333333333334
nacos-client 1.1.0,com.alibaba.nacos.client.config.impl,EventDispatcher.AbstractEvent,n/a,n/a,Could not find file,2,0,0.0,2,0,0.0,2,0,0.0
nacos-client 1.1.0,com.alibaba.nacos.client.config.impl,CacheData,,,,41,62,0.6019417475728155,40,63,0.6116504854368932,32,71,0.6893203883495146
nacos-client 1.1.0,com.alibaba.nacos.client.config.impl,TimerService,,,,1,3,0.75,1,3,0.75,4,0,0.0
nacos-client 1.1.0,com.alibaba.nacos.client.config.impl,ClientWorker.LongPollingRunnable,n/a,n/a,Could not find file,48,0,0.0,48,0,0.0,48,0,0.0
nacos-client 1.1.0,com.alibaba.nacos.client.config.impl,LocalConfigInfoProcessor,,,,59,27,0.313953488372093,59,27,0.313953488372093,42,44,0.5116279069767442
nacos-client 1.1.0,com.alibaba.nacos.client.config.impl,ServerListManager.GetServerListTask,n/a,n/a,Could not find file,2,6,0.75,2,6,0.75,8,0,0.0
nacos-client 1.1.0,com.alibaba.nacos.client.config.impl,Limiter,,,,7,16,0.6956521739130435,7,16,0.6956521739130435,7,16,0.6956521739130435
nacos-client 1.1.0,com.alibaba.nacos.client.config.impl,ServerAddressIterator,n/a,n/a,Could not find file,4,7,0.6363636363636364,4,7,0.6363636363636364,1,10,0.9090909090909091
nacos-client 1.1.0,com.alibaba.nacos.client.config.impl,Limiter.new Callable() {...},n/a,n/a,Could not find file,0,2,1.0,0,2,1.0,0,2,1.0
nacos-client 1.1.0,com.alibaba.nacos.client.config.impl,ServerListManager.new Callable() {...},n/a,n/a,Could not find file,0,2,1.0,0,2,1.0,2,0,0.0
nacos-client 1.1.0,com.alibaba.nacos.client.config.impl,ManagerListenerWrap,n/a,n/a,Could not find file,15,0,0.0,15,0,0.0,5,10,0.6666666666666666
nacos-client 1.1.0,com.alibaba.nacos.client.config.impl,EventDispatcher,,,,21,7,0.25,21,7,0.25,28,0,0.0
nacos-client 1.1.0,com.alibaba.nacos.client.config.impl,EventDispatcher.ServerlistChangeEvent,n/a,n/a,Could not find file,1,0,0.0,1,0,0.0,1,0,0.0
nacos-client 1.1.0,com.alibaba.nacos.client.naming.beat,BeatReactor.BeatTask,n/a,n/a,Could not find file,6,3,0.3333333333333333,6,3,0.3333333333333333,9,0,0.0
nacos-client 1.1.0,com.alibaba.nacos.client.naming.beat,BeatInfo,,,,0,29,1.0,0,29,1.0,1,28,0.9655172413793104
nacos-client 1.1.0,com.alibaba.nacos.client.naming.beat,BeatReactor.new ThreadFactory() {...},n/a,n/a,Could not find file,4,1,0.2,4,1,0.2,5,0,0.0
nacos-client 1.1.0,com.alibaba.nacos.client.naming.beat,BeatReactor,,,,13,7,0.35,13,7,0.35,20,0,0.0
nacos-client 1.1.0,com.alibaba.nacos.client.config,NacosConfigService,,,,148,0,0.0,148,0,0.0,148,0,0.0
nacos-client 1.1.0,com.alibaba.nacos.client.config,NacosConfigService.new Callable() {...},n/a,n/a,Could not find file,3,0,0.0,3,0,0.0,3,0,0.0
nacos-client 1.1.0,com.alibaba.nacos.client.config,NacosConfigService.new Callable() {...},n/a,n/a,Could not find file,2,0,0.0,2,0,0.0,2,0,0.0
nacos-client 1.1.0,com.alibaba.nacos.client.config.common,GroupKey,,,,22,39,0.639344262295082,21,40,0.6557377049180327,22,39,0.639344262295082
nacos-client 1.1.0,com.alibaba.nacos.client.config.http,ServerHttpAgent.new Callable() {...},n/a,n/a,Could not find file,2,0,0.0,2,0,0.0,2,0,0.0
nacos-client 1.1.0,com.alibaba.nacos.client.config.http,ServerHttpAgent.new TypeReference() {...},n/a,n/a,Could not find file,1,0,0.0,1,0,0.0,1,0,0.0
nacos-client 1.1.0,com.alibaba.nacos.client.config.http,ServerHttpAgent.STSCredential,n/a,n/a,Could not find file,5,0,0.0,5,0,0.0,5,0,0.0
nacos-client 1.1.0,com.alibaba.nacos.client.config.http,ServerHttpAgent,,,,169,16,0.08648648648648649,169,16,0.08648648648648649,175,10,0.05405405405405406
nacos-client 1.1.0,com.alibaba.nacos.client.config.http,MetricsHttpAgent,,,,33,0,0.0,33,0,0.0,6,27,0.8181818181818182
nacos-client 1.1.0,com.alibaba.nacos.client.monitor,MetricsMonitor,,,,5,7,0.5833333333333334,5,7,0.5833333333333334,5,7,0.5833333333333334
nacos-client 1.1.0,com.alibaba.nacos.client.identify,Base64,,,,45,117,0.7222222222222222,35,127,0.7839506172839507,40,122,0.7530864197530864
nacos-client 1.1.0,com.alibaba.nacos.client.identify,CredentialService,,,,25,26,0.5098039215686274,25,26,0.5098039215686274,18,33,0.6470588235294118
nacos-client 1.1.0,com.alibaba.nacos.client.identify,CredentialWatcher,,,,56,35,0.38461538461538464,56,35,0.38461538461538464,46,45,0.4945054945054945
nacos-client 1.1.0,com.alibaba.nacos.client.identify,Credentials,,,,0,21,1.0,0,21,1.0,0,21,1.0
nacos-client 1.1.0,com.alibaba.nacos.client.identify,CredentialWatcher.new TimerTask() {...},n/a,n/a,Could not find file,15,5,0.25,15,5,0.25,15,5,0.25
nacos-client 1.1.0,com.alibaba.nacos.client.identify,STSConfig,,,,8,30,0.7894736842105263,8,30,0.7894736842105263,38,0,0.0
nacos-client 1.1.0,com.alibaba.nacos.client.identify,Constants,,,,1,0,0.0,1,0,0.0,1,0,0.0
nacos-client 1.1.0,com.alibaba.nacos.client.identify,STSConfig.Singleton,n/a,n/a,Could not find file,0,1,1.0,0,1,1.0,1,0,0.0
nacos-client 1.1.0,com.alibaba.nacos.client.config.filter.impl,ConfigFilterChainManager.VirtualFilterChain,n/a,n/a,Could not find file,9,0,0.0,9,0,0.0,3,6,0.6666666666666666
nacos-client 1.1.0,com.alibaba.nacos.client.config.filter.impl,ConfigFilterChainManager,,,,15,2,0.11764705882352941,15,2,0.11764705882352941,8,9,0.5294117647058824
nacos-client 1.1.0,com.alibaba.nacos.client.config.filter.impl,ConfigResponse,,,,0,17,1.0,0,17,1.0,0,17,1.0
nacos-client 1.1.0,com.alibaba.nacos.client.config.filter.impl,ConfigRequest,,,,0,17,1.0,0,17,1.0,0,17,1.0
nacos-client 1.1.0,com.alibaba.nacos.client.config.filter.impl,ConfigContext,,,,2,3,0.6,2,3,0.6,0,5,1.0
nacos-client 1.1.0,com.alibaba.nacos.client.naming.core,Balancer,,,,12,5,0.29411764705882354,12,5,0.29411764705882354,17,0,0.0
nacos-client 1.1.0,com.alibaba.nacos.client.naming.core,Balancer.RandomByWeight,n/a,n/a,Could not find file,6,3,0.3333333333333333,6,3,0.3333333333333333,9,0,0.0
nacos-client 1.1.0,com.alibaba.nacos.client.naming.core,EventDispatcher.new ThreadFactory() {...},n/a,n/a,Could not find file,0,4,1.0,0,4,1.0,4,0,0.0
nacos-client 1.1.0,com.alibaba.nacos.client.naming.core,ProtectMode,,,,0,6,1.0,0,6,1.0,0,6,1.0
nacos-client 1.1.0,com.alibaba.nacos.client.naming.core,PushReceiver,,,,18,10,0.35714285714285715,18,10,0.35714285714285715,28,0,0.0
nacos-client 1.1.0,com.alibaba.nacos.client.naming.core,EventDispatcher,,,,30,10,0.25,30,10,0.25,40,0,0.0
nacos-client 1.1.0,com.alibaba.nacos.client.naming.core,HostReactor.UpdateTask,n/a,n/a,Could not find file,15,5,0.25,15,5,0.25,20,0,0.0
nacos-client 1.1.0,com.alibaba.nacos.client.naming.core,HostReactor,,,,86,46,0.3484848484848485,86,46,0.3484848484848485,132,0,0.0
nacos-client 1.1.0,com.alibaba.nacos.client.naming.core,HostReactor.new ThreadFactory() {...},n/a,n/a,Could not find file,0,5,1.0,0,5,1.0,5,0,0.0
nacos-client 1.1.0,com.alibaba.nacos.client.naming.core,PushReceiver.PushPacket,n/a,n/a,Could not find file,0,1,1.0,0,1,1.0,1,0,0.0
nacos-client 1.1.0,com.alibaba.nacos.client.naming.core,EventDispatcher.Notifier,n/a,n/a,Could not find file,16,2,0.1111111111111111,16,2,0.1111111111111111,18,0,0.0
nacos-client 1.1.0,com.alibaba.nacos.client.naming.core,PushReceiver.new ThreadFactory() {...},n/a,n/a,Could not find file,0,5,1.0,0,5,1.0,5,0,0.0
nacos-client 1.1.0,com.alibaba.nacos.client.logging.logback,LogbackNacosLogging,,,,5,5,0.5,5,5,0.5,5,5,0.5
nacos-client 1.1.0,com.alibaba.nacos.client.naming.utils,IoUtils,,,,72,16,0.18181818181818182,88,0,0.0,56,32,0.36363636363636365
nacos-client 1.1.0,com.alibaba.nacos.client.naming.utils,RandomUtils,,,,11,3,0.21428571428571427,14,0,0.0,14,0,0.0
nacos-client 1.1.0,com.alibaba.nacos.client.naming.utils,InitUtils.new Runnable() {...},n/a,n/a,Could not find file,4,1,0.2,4,1,0.2,4,1,0.2
nacos-client 1.1.0,com.alibaba.nacos.client.naming.utils,InitUtils.new Callable() {...},n/a,n/a,Could not find file,0,2,1.0,0,2,1.0,0,2,1.0
nacos-client 1.1.0,com.alibaba.nacos.client.naming.utils,InitUtils.new Callable() {...},n/a,n/a,Could not find file,2,0,0.0,2,0,0.0,0,2,1.0
nacos-client 1.1.0,com.alibaba.nacos.client.naming.utils,InitUtils.new Callable() {...},n/a,n/a,Could not find file,2,0,0.0,2,0,0.0,0,2,1.0
nacos-client 1.1.0,com.alibaba.nacos.client.naming.utils,InitUtils.new Callable() {...},n/a,n/a,Could not find file,0,4,1.0,0,4,1.0,0,4,1.0
nacos-client 1.1.0,com.alibaba.nacos.client.naming.utils,InitUtils.new Callable() {...},n/a,n/a,Could not find file,0,4,1.0,0,4,1.0,0,4,1.0
nacos-client 1.1.0,com.alibaba.nacos.client.naming.utils,InitUtils.new Callable() {...},n/a,n/a,Could not find file,0,4,1.0,0,4,1.0,0,4,1.0
nacos-client 1.1.0,com.alibaba.nacos.client.naming.utils,ThreadLocalRandom.new ThreadLocal() {...},n/a,n/a,Could not find file,0,2,1.0,2,0,0.0,2,0,0.0
nacos-client 1.1.0,com.alibaba.nacos.client.naming.utils,ThreadLocalRandom.new Thread() {...},n/a,n/a,Could not find file,0,4,1.0,4,0,0.0,4,0,0.0
nacos-client 1.1.0,com.alibaba.nacos.client.naming.utils,Chooser,,,,31,23,0.42592592592592593,54,0,0.0,54,0,0.0
nacos-client 1.1.0,com.alibaba.nacos.client.naming.utils,ThreadLocalRandom,,,,20,46,0.696969696969697,66,0,0.0,66,0,0.0
nacos-client 1.1.0,com.alibaba.nacos.client.naming.utils,InitUtils,,,,7,28,0.8,7,28,0.8,1,34,0.9714285714285714
nacos-client 1.1.0,com.alibaba.nacos.client.naming.utils,GenericPoller,,,,1,6,0.8571428571428571,7,0,0.0,7,0,0.0
nacos-client 1.1.0,com.alibaba.nacos.client.naming.utils,SignUtil.SigningAlgorithm,n/a,n/a,Could not find file,0,2,1.0,2,0,0.0,0,2,1.0
nacos-client 1.1.0,com.alibaba.nacos.client.naming.utils,CollectionUtils,,,,32,2,0.058823529411764705,32,2,0.058823529411764705,12,22,0.6470588235294118
nacos-client 1.1.0,com.alibaba.nacos.client.naming.utils,SignUtil,,,,8,6,0.42857142857142855,14,0,0.0,8,6,0.42857142857142855
nacos-client 1.1.0,com.alibaba.nacos.client.naming.utils,UtilAndComs,,,,0,9,1.0,1,8,0.8888888888888888,9,0,0.0
nacos-client 1.1.0,com.alibaba.nacos.client.naming.utils,JvmRandom,,,,15,20,0.5714285714285714,35,0,0.0,35,0,0.0
nacos-client 1.1.0,com.alibaba.nacos.client.naming.utils,Pair,,,,0,6,1.0,6,0,0.0,0,6,1.0
nacos-client 1.1.0,com.alibaba.nacos.client.naming.utils,Chooser.Ref,n/a,n/a,Could not find file,35,17,0.3269230769230769,52,0,0.0,52,0,0.0
nacos-client 1.1.0,com.alibaba.nacos.client.naming.utils,NetUtils,,,,3,4,0.5714285714285714,3,4,0.5714285714285714,7,0,0.0
nacos-client 1.1.0,com.alibaba.nacos.client.naming.net,NamingProxy,,,,165,96,0.367816091954023,141,120,0.45977011494252873,261,0,0.0
nacos-client 1.1.0,com.alibaba.nacos.client.naming.net,HttpClient.HttpResult,n/a,n/a,Could not find file,1,5,0.8333333333333334,1,5,0.8333333333333334,6,0,0.0
nacos-client 1.1.0,com.alibaba.nacos.client.naming.net,NamingProxy.new Callable() {...},n/a,n/a,Could not find file,0,2,1.0,0,2,1.0,2,0,0.0
nacos-client 1.1.0,com.alibaba.nacos.client.naming.net,NamingProxy.new TypeReference() {...},n/a,n/a,Could not find file,1,0,0.0,1,0,0.0,1,0,0.0
nacos-client 1.1.0,com.alibaba.nacos.client.naming.net,NamingProxy.new Callable() {...},n/a,n/a,Could not find file,0,2,1.0,0,2,1.0,2,0,0.0
nacos-client 1.1.0,com.alibaba.nacos.client.naming.net,NamingProxy.new Runnable() {...},n/a,n/a,Could not find file,0,3,1.0,0,3,1.0,3,0,0.0
nacos-client 1.1.0,com.alibaba.nacos.client.naming.net,NamingProxy.new ThreadFactory() {...},n/a,n/a,Could not find file,0,5,1.0,0,5,1.0,5,0,0.0
nacos-client 1.1.0,com.alibaba.nacos.client.naming.net,HttpClient,,,,34,52,0.6046511627906976,34,52,0.6046511627906976,76,10,0.11627906976744186
nacos-client 1.1.0,com.alibaba.nacos.client.logging.log4j2,Log4J2NacosLogging,,,,26,0,0.0,26,0,0.0,26,0,0.0
nacos-client 1.1.0,com.alibaba.nacos.client.config.listener.impl,PropertiesListener,,,,11,0,0.0,11,0,0.0,11,0,0.0
nacos-client 1.1.0,com.alibaba.nacos.client.utils,TenantUtil,,,,1,10,0.9090909090909091,1,10,0.9090909090909091,1,10,0.9090909090909091
nacos-client 1.1.0,com.alibaba.nacos.client.utils,AppNameUtils,,,,10,19,0.6551724137931034,10,19,0.6551724137931034,10,19,0.6551724137931034
nacos-client 1.1.0,com.alibaba.nacos.client.utils,JSONUtils,,,,3,4,0.5714285714285714,7,0,0.0,7,0,0.0
nacos-client 1.1.0,com.alibaba.nacos.client.utils,ParamUtil.new Callable() {...},n/a,n/a,Could not find file,2,0,0.0,2,0,0.0,2,0,0.0
nacos-client 1.1.0,com.alibaba.nacos.client.utils,StringUtils,,,,49,40,0.449438202247191,74,15,0.16853932584269662,45,44,0.4943820224719101
nacos-client 1.1.0,com.alibaba.nacos.client.utils,ParamUtil,,,,38,43,0.5308641975308642,42,39,0.48148148148148145,42,39,0.48148148148148145
nacos-client 1.1.0,com.alibaba.nacos.client.utils,IPUtil,,,,2,7,0.7777777777777778,3,6,0.6666666666666666,1,8,0.8888888888888888
nacos-client 1.1.0,com.alibaba.nacos.client.utils,EnvUtil,,,,38,4,0.09523809523809523,42,0,0.0,2,40,0.9523809523809523
nacos-client 1.1.0,com.alibaba.nacos.client.utils,LogUtils,,,,9,13,0.5909090909090909,9,13,0.5909090909090909,9,13,0.5909090909090909
nacos-client 1.1.0,com.alibaba.nacos.client.utils,TemplateUtils,,,,13,4,0.23529411764705882,13,4,0.23529411764705882,8,9,0.5294117647058824
nacos-client 1.1.0,com.alibaba.nacos.client.logging,AbstractNacosLogging,,,,2,12,0.8571428571428571,2,12,0.8571428571428571,2,12,0.8571428571428571
nacos-client 1.1.0,com.alibaba.nacos.client.naming.cache,DiskCache,,,,49,13,0.20967741935483872,45,17,0.27419354838709675,12,50,0.8064516129032258
nacos-client 1.1.0,com.alibaba.nacos.client.naming.cache,ConcurrentDiskUtil,,,,82,5,0.05747126436781609,82,5,0.05747126436781609,31,56,0.6436781609195402
nacos-client 1.1.0,com.alibaba.nacos.client.naming.backups,FailoverReactor,,,,4,18,0.8181818181818182,4,18,0.8181818181818182,22,0,0.0
nacos-client 1.1.0,com.alibaba.nacos.client.naming.backups,FailoverReactor.new Runnable() {...},n/a,n/a,Could not find file,10,1,0.09090909090909091,10,1,0.09090909090909091,11,0,0.0
nacos-client 1.1.0,com.alibaba.nacos.client.naming.backups,FailoverReactor.new ThreadFactory() {...},n/a,n/a,Could not find file,0,5,1.0,0,5,1.0,5,0,0.0
nacos-client 1.1.0,com.alibaba.nacos.client.naming.backups,FailoverReactor.FailoverFileReader,n/a,n/a,Could not find file,37,0,0.0,37,0,0.0,37,0,0.0
nacos-client 1.1.0,com.alibaba.nacos.client.naming.backups,FailoverReactor.DiskFileWriter,n/a,n/a,Could not find file,12,1,0.07692307692307693,12,1,0.07692307692307693,13,0,0.0
nacos-client 1.1.0,com.alibaba.nacos.client.naming.backups,FailoverReactor.SwitchRefresher,n/a,n/a,Could not find file,23,7,0.23333333333333334,23,7,0.23333333333333334,30,0,0.0
nacos-client 1.1.0,com.alibaba.nacos.client.config.utils,ParamUtils,,,,48,14,0.22580645161290322,16,46,0.7419354838709677,23,39,0.6290322580645161
nacos-client 1.1.0,com.alibaba.nacos.client.config.utils,SnapShotSwitch,,,,4,2,0.3333333333333333,4,2,0.3333333333333333,1,5,0.8333333333333334
nacos-client 1.1.0,com.alibaba.nacos.client.config.utils,MD5,,,,13,24,0.6486486486486487,13,24,0.6486486486486487,6,31,0.8378378378378378
nacos-client 1.1.0,com.alibaba.nacos.client.config.utils,JVMUtil,,,,2,7,0.7777777777777778,2,7,0.7777777777777778,2,7,0.7777777777777778
nacos-client 1.1.0,com.alibaba.nacos.client.config.utils,ContentUtils,,,,14,10,0.4166666666666667,12,12,0.5,13,11,0.4583333333333333
nacos-client 1.1.0,com.alibaba.nacos.client.config.utils,ConcurrentDiskUtil,,,,88,6,0.06382978723404255,88,6,0.06382978723404255,94,0,0.0
nacos-client 1.1.0,com.alibaba.nacos.client.config.utils,IOUtils,,,,39,14,0.2641509433962264,39,14,0.2641509433962264,13,40,0.7547169811320755
nacos-client 1.1.0,com.alibaba.nacos.client.naming,NacosNamingService,,,,97,65,0.4012345679012346,97,65,0.4012345679012346,162,0,0.0
nacos-client 1.1.0,com.alibaba.nacos.client.naming,NacosNamingMaintainService,,,,63,0,0.0,63,0,0.0,63,0,0.0
nacos-console 1.1.0,com.alibaba.nacos,Nacos,,,,3,0,0.0,3,0,0.0,3,0,0.0
nacos-console 1.1.0,com.alibaba.nacos.console.security,JwtAuthenticationEntryPoint,,,,5,0,0.0,5,0,0.0,0,5,1.0
nacos-console 1.1.0,com.alibaba.nacos.console.security,CustomUserDetailsServiceImpl,true,,,5,0,0.0,5,0,0.0,5,0,0.0
nacos-console 1.1.0,com.alibaba.nacos.console.security,CustomAuthenticationProvider,,,,8,0,0.0,8,0,0.0,6,2,0.25
nacos-console 1.1.0,com.alibaba.nacos.console.security,CustomUserDetails,,,,0,10,1.0,0,10,1.0,0,10,1.0
nacos-console 1.1.0,com.alibaba.nacos.console.filter,JwtAuthenticationTokenFilter,,,,14,3,0.17647058823529413,14,3,0.17647058823529413,17,0,0.0
nacos-console 1.1.0,com.alibaba.nacos.console.config,WebSecurityConfig,,,,18,1,0.05263157894736842,18,1,0.05263157894736842,19,0,0.0
nacos-console 1.1.0,com.alibaba.nacos.console.model,Namespace,,,,0,28,1.0,2,26,0.9285714285714286,0,28,1.0
nacos-console 1.1.0,com.alibaba.nacos.console.model,NamespaceAllInfo,,,,0,8,1.0,0,8,1.0,3,5,0.625
nacos-console 1.1.0,com.alibaba.nacos.console.controller,NamespaceController,,true,,30,0,0.0,30,0,0.0,8,22,0.7333333333333333
nacos-console 1.1.0,com.alibaba.nacos.console.controller,ServerStateController,,,,0,7,1.0,0,7,1.0,0,7,1.0
nacos-console 1.1.0,com.alibaba.nacos.console.controller,AuthController,,,,16,0,0.0,16,0,0.0,4,12,0.75
nacos-console 1.1.0,com.alibaba.nacos.console.controller,HealthController,,,,19,6,0.24,19,6,0.24,25,0,0.0
nacos-console 1.1.0,com.alibaba.nacos.console.utils,PasswordEncoderUtil,,,,3,0,0.0,3,0,0.0,1,2,0.6666666666666666
nacos-console 1.1.0,com.alibaba.nacos.console.utils,JwtTokenUtils,,,,32,7,0.1794871794871795,32,7,0.1794871794871795,30,9,0.23076923076923078
